id_calibrator_scenario,id_calibrator_params_scenario,id_path,id_generation,id_chromosome,num_susceptible,infection_prob,distance
0,0,0,0,0,143,0.07925475505641981,0.265225
0,0,0,0,1,2,0.48780431979614103,0.03609999999999998
0,0,0,0,4,2,0.574627491970001,0.03609999999999998
0,0,0,0,3,0,0.8702077499980926,0.03999999999999998
0,0,0,0,7,0,0.4758184495426143,0.03999999999999998
0,0,0,0,10,0,0.8381487895873229,0.03999999999999998
0,0,0,0,8,0,0.5294611317530193,0.03999999999999998
0,0,0,0,5,0,0.6199769590527271,0.03999999999999998
0,0,0,0,11,15,0.25889784925727277,0.015625
0,0,0,0,13,34,0.22446612904456364,0.000899999999999995
0,0,0,0,9,0,0.7768613957320841,0.03999999999999998
0,0,0,0,17,1,0.5182534656789068,0.03802499999999998
0,0,0,0,14,90,0.12883093895674863,0.0625
0,0,0,0,19,4,0.4194215348933021,0.03239999999999998
0,0,0,0,21,0,0.9499431605770918,0.03999999999999998
0,0,0,0,2,1,0.7237451457606946,0.03802499999999998
0,0,0,0,15,0,0.6342745534862785,0.03999999999999998
0,0,0,0,12,0,0.9982681142281664,0.03999999999999998
0,0,0,0,18,29,0.1876082428607396,0.003024999999999993
0,0,0,0,26,1,0.464313234811667,0.03802499999999998
0,0,0,0,23,1,0.559368586491291,0.03802499999999998
0,0,0,0,27,1,0.44663579281458143,0.03802499999999998
0,0,0,0,28,4,0.3306452228181673,0.03239999999999998
0,0,0,0,16,0,0.9660184174989128,0.03999999999999998
0,0,0,0,25,26,0.21540996864294923,0.004899999999999993
0,0,0,0,29,0,0.6057556591465694,0.03999999999999998
0,0,0,0,31,0,0.9193261667340602,0.03999999999999998
0,0,0,0,24,1,0.4568287416743597,0.03802499999999998
0,0,0,0,30,0,0.9815977599926757,0.03999999999999998
0,0,0,0,32,0,0.9155953643445156,0.03999999999999998
0,0,0,0,6,1,0.596356173371684,0.03802499999999998
0,0,0,0,37,10,0.2531986480609746,0.022499999999999975
0,0,0,0,34,0,0.8150544361452953,0.03999999999999998
0,0,0,0,36,177,0.035492214143479486,0.46922500000000006
0,0,0,0,38,6,0.33546703694943963,0.028899999999999974
0,0,0,0,35,1,0.5204431186151017,0.03802499999999998
0,0,0,0,22,172,0.023491084984474064,0.43560000000000004
0,0,0,0,20,1,0.6760381777815078,0.03802499999999998
0,0,0,0,40,0,0.9353480174867057,0.03999999999999998
0,0,0,0,39,0,0.7475719266657003,0.03999999999999998
0,0,0,0,41,0,0.6933570354998436,0.03999999999999998
0,0,0,0,33,26,0.20292818396136444,0.004899999999999993
0,0,0,0,42,0,0.9487834837607099,0.03999999999999998
0,0,0,0,43,160,0.09101937118050522,0.3600000000000001
0,0,0,0,44,15,0.2517719403987152,0.015625
0,0,0,0,45,1,0.5452769872817023,0.03802499999999998
0,0,0,0,46,0,0.5599026481830458,0.03999999999999998
0,0,0,0,47,0,0.7429713666638692,0.03999999999999998
0,0,0,0,48,14,0.2866995750394824,0.01689999999999997
0,0,0,0,49,0,0.7209298776998726,0.03999999999999998
0,0,0,1,0,2,0.45472301271829774,0.03609999999999998
0,0,0,1,3,16,0.252649327463741,0.0144
0,0,0,1,1,26,0.2690526508533543,0.004899999999999993
0,0,0,1,4,82,0.17597332743322322,0.044099999999999986
0,0,0,1,2,5,0.4165147133996078,0.030624999999999975
0,0,0,1,6,0,0.949538799581906,0.03999999999999998
0,0,0,1,5,23,0.2482776510440906,0.007224999999999994
0,0,0,1,8,0,0.6753744153931839,0.03999999999999998
0,0,0,1,9,16,0.2979606472827704,0.0144
0,0,0,1,7,28,0.25313761243905974,0.003599999999999993
0,0,0,1,10,14,0.25889784925727277,0.01689999999999997
0,0,0,1,12,3,0.46428271700070955,0.03422499999999998
0,0,0,1,13,3,0.49839400019836577,0.03422499999999998
0,0,0,1,16,1,0.6063354975547603,0.03802499999999998
0,0,0,1,14,10,0.2830221788191133,0.022499999999999975
0,0,0,1,15,8,0.35579189904708136,0.025599999999999973
0,0,0,1,11,0,0.5967452754613911,0.03999999999999998
0,0,0,1,18,0,0.8775549129860916,0.03999999999999998
0,0,0,1,19,3,0.4416079834593465,0.03422499999999998
0,0,0,1,17,0,0.9705426829733503,0.03999999999999998
0,0,0,1,21,27,0.20301210794149735,0.004224999999999993
0,0,0,1,22,0,0.7621060341341716,0.03999999999999998
0,0,0,1,24,1,0.5455974242967552,0.03802499999999998
0,0,0,1,20,10,0.29435191613705547,0.022499999999999975
0,0,0,1,23,10,0.2790548633946487,0.022499999999999975
0,0,0,1,26,2,0.5049934768179078,0.03609999999999998
0,0,0,1,28,0,0.9826048477542706,0.03999999999999998
0,0,0,1,27,0,0.5186196794103959,0.03999999999999998
0,0,0,1,29,1,0.5475963409144662,0.03802499999999998
0,0,0,1,25,0,0.8123917571392604,0.03999999999999998
0,0,0,1,30,0,0.8124070160447391,0.03999999999999998
0,0,0,1,31,18,0.2863943969299082,0.012099999999999998
0,0,0,1,32,1,0.5593075508693761,0.03802499999999998
0,0,0,1,33,2,0.5804869116738256,0.03609999999999998
0,0,0,1,34,30,0.25800520328676824,0.0024999999999999935
0,0,0,1,35,59,0.1876082428607396,0.009024999999999995
0,0,0,1,37,22,0.2153794508319918,0.008099999999999994
0,0,0,1,36,3,0.5208322207048088,0.03422499999999998
0,0,0,1,38,3,0.4464679448543156,0.03422499999999998
0,0,0,1,39,2,0.49556347323206507,0.03609999999999998
0,0,0,1,40,0,0.7755338709554364,0.03999999999999998
0,0,0,1,42,17,0.22446612904456364,0.013224999999999997
0,0,0,1,41,32,0.25947768766546375,0.001599999999999994
0,0,0,1,43,9,0.2936728948432529,0.024024999999999973
0,0,0,1,44,0,0.7050835043602323,0.03999999999999998
0,0,0,1,45,173,0.06583454768789435,0.44222500000000003
0,0,0,1,46,6,0.4868048614872855,0.028899999999999974
0,0,0,1,48,0,0.7482128006958061,0.03999999999999998
0,0,0,1,47,3,0.40062256334353136,0.03422499999999998
0,0,0,1,49,2,0.5179330286638539,0.03609999999999998
0,0,0,2,0,2,0.5016288881598523,0.03609999999999998
0,0,0,2,2,11,0.29429088051514063,0.021024999999999974
0,0,0,2,4,2,0.49734876517307414,0.03609999999999998
0,0,0,2,7,0,0.4844855078545216,0.03999999999999998
0,0,0,2,9,11,0.4165147133996078,0.021024999999999974
0,0,0,2,11,13,0.27319544369082405,0.018225
0,0,0,2,6,40,0.19519191888365847,0.0
0,0,0,2,3,16,0.2593174691579373,0.0144
0,0,0,2,5,2,0.49839400019836577,0.03609999999999998
0,0,0,2,16,16,0.25374796865820815,0.0144
0,0,0,2,15,23,0.2768652104584538,0.007224999999999994
0,0,0,2,8,52,0.1986785787855437,0.0036000000000000064
0,0,0,2,17,26,0.22389392008911202,0.004899999999999993
0,0,0,2,20,26,0.25792127930663533,0.004899999999999993
0,0,0,2,14,21,0.2589817732374057,0.009024999999999995
0,0,0,2,18,8,0.2588215547298792,0.025599999999999973
0,0,0,2,12,14,0.2830755849882888,0.01689999999999997
0,0,0,2,21,59,0.18787527370661702,0.009024999999999995
0,0,0,2,1,4,0.4549366373949997,0.03239999999999998
0,0,0,2,26,18,0.25159646298571003,0.012099999999999998
0,0,0,2,13,14,0.2963966094712026,0.01689999999999997
0,0,0,2,28,12,0.2692739049827956,0.01959999999999997
0,0,0,2,24,15,0.2690526508533543,0.015625
0,0,0,2,23,11,0.2885459026024063,0.021024999999999974
0,0,0,2,10,14,0.29788435275537684,0.01689999999999997
0,0,0,2,22,14,0.25800520328676824,0.01689999999999997
0,0,0,2,25,1,0.4669225076485264,0.03802499999999998
0,0,0,2,19,10,0.2604542576161012,0.022499999999999975
0,0,0,2,27,0,0.5209161446849417,0.03999999999999998
0,0,0,2,30,22,0.25956161164559666,0.008099999999999994
0,0,0,2,32,34,0.18910361559765318,0.000899999999999995
0,0,0,2,34,25,0.25889784925727277,0.005624999999999994
0,0,0,2,35,27,0.25305368845892684,0.004224999999999993
0,0,0,2,37,33,0.18757009559704282,0.0012249999999999943
0,0,0,2,29,23,0.252649327463741,0.007224999999999994
0,0,0,2,38,5,0.3561733716840491,0.030624999999999975
0,0,0,2,41,25,0.2234056351137933,0.005624999999999994
0,0,0,2,42,16,0.2869666058853598,0.0144
0,0,0,2,40,6,0.2942069565350077,0.028899999999999974
0,0,0,2,39,4,0.4454913749036782,0.03239999999999998
0,0,0,2,31,65,0.15415309259866788,0.015625
0,0,0,2,44,15,0.2516727575131036,0.015625
0,0,0,2,48,17,0.261911483089318,0.013224999999999997
0,0,0,2,33,15,0.28016113404185516,0.015625
0,0,0,2,45,18,0.2589817732374057,0.012099999999999998
0,0,0,2,46,41,0.25956161164559666,2.5000000000000045e-05
0,0,0,2,49,2,0.35579189904708136,0.03609999999999998
0,0,0,2,47,2,0.4165147133996078,0.03609999999999998
0,0,0,2,36,10,0.2634755209008858,0.022499999999999975
0,0,0,2,43,15,0.2530613179116662,0.015625
0,0,0,3,0,13,0.2513523204980507,0.018225
0,0,0,3,2,27,0.251810087662412,0.004224999999999993
0,0,0,3,4,94,0.13288217836134614,0.0729
0,0,0,3,6,13,0.2589817732374057,0.018225
0,0,0,3,8,26,0.259569241098336,0.004899999999999993
0,0,0,3,9,0,0.7410182267625943,0.03999999999999998
0,0,0,3,5,39,0.22397784406924492,2.4999999999998934e-05
0,0,0,3,12,36,0.237497234323382,0.0004000000000000007
0,0,0,3,13,24,0.22364977760145266,0.006399999999999993
0,0,0,3,15,65,0.18787527370661702,0.015625
0,0,0,3,3,17,0.27336329165108986,0.013224999999999997
0,0,0,3,14,31,0.19975433162179276,0.002024999999999994
0,0,0,3,7,23,0.24692723790922477,0.007224999999999994
0,0,0,3,19,16,0.28694371752714176,0.0144
0,0,0,3,10,14,0.2404269441752943,0.01689999999999997
0,0,0,3,17,1,0.3653439738767538,0.03802499999999998
0,0,0,3,18,23,0.248414981193399,0.007224999999999994
0,0,0,3,21,17,0.2690526508533543,0.013224999999999997
0,0,0,3,16,10,0.2589817732374057,0.022499999999999975
0,0,0,3,26,26,0.26297197702008834,0.004899999999999993
0,0,0,3,22,17,0.27330988548191437,0.013224999999999997
0,0,0,3,27,78,0.1507427272241762,0.03610000000000002
0,0,0,3,23,16,0.25956161164559666,0.0144
0,0,0,3,25,51,0.19123986236467258,0.0030250000000000055
0,0,0,3,29,17,0.3123040184327578,0.013224999999999997
0,0,0,3,24,32,0.1879286798757925,0.001599999999999994
0,0,0,3,31,46,0.19519191888365847,0.0009000000000000016
0,0,0,3,11,19,0.24173921004646337,0.011024999999999997
0,0,0,3,33,31,0.25898940269014503,0.002024999999999994
0,0,0,3,28,15,0.25405314676778235,0.015625
0,0,0,3,30,51,0.1953063606747488,0.0030250000000000055
0,0,0,3,20,7,0.3108925696759771,0.027224999999999975
0,0,0,3,34,20,0.25883681363535793,0.009999999999999995
0,0,0,3,36,30,0.25183297602063004,0.0024999999999999935
0,0,0,3,35,9,0.3125786787313746,0.024024999999999973
0,0,0,3,38,11,0.2768652104584538,0.021024999999999974
0,0,0,3,37,14,0.3013176064880866,0.01689999999999997
0,0,0,3,41,44,0.18757009559704282,0.0004000000000000007
0,0,0,3,32,10,0.3109078285814558,0.022499999999999975
0,0,0,3,1,14,0.2560596928382327,0.01689999999999997
0,0,0,3,40,26,0.2530613179116662,0.004899999999999993
0,0,0,3,44,22,0.2526569569164804,0.008099999999999994
0,0,0,3,43,1,0.5076485263712034,0.03802499999999998
0,0,0,3,39,26,0.2599583431880431,0.004899999999999993
0,0,0,3,46,13,0.26978507831633236,0.018225
0,0,0,3,47,26,0.25316813025001716,0.004899999999999993
0,0,0,3,42,25,0.2586765951278315,0.005624999999999994
0,0,0,3,45,78,0.19639737241647656,0.03610000000000002
0,0,0,3,48,21,0.26191911254205735,0.009024999999999995
0,0,0,3,49,29,0.19835051231775144,0.003024999999999993
0,0,0,4,0,49,0.19239953918105454,0.002025000000000004
0,0,0,4,2,31,0.19999847410945212,0.002024999999999994
0,0,0,4,5,9,0.31207513485057714,0.024024999999999973
0,0,0,4,1,20,0.25184823492610875,0.009999999999999995
0,0,0,4,3,46,0.1983734006759695,0.0009000000000000016
0,0,0,4,9,40,0.22364977760145266,0.0
0,0,0,4,7,20,0.2589131081627515,0.009999999999999995
0,0,0,4,12,18,0.31257104927863527,0.012099999999999998
0,0,0,4,11,5,0.30932853186440934,0.030624999999999975
0,0,0,4,10,27,0.2530613179116662,0.004224999999999993
0,0,0,4,4,36,0.1879286798757925,0.0004000000000000007
0,0,0,4,8,17,0.24682805502361316,0.013224999999999997
0,0,0,4,14,28,0.2530460590061875,0.003599999999999993
0,0,0,4,13,18,0.25364878577259653,0.012099999999999998
0,0,0,4,6,19,0.2531986480609746,0.011024999999999997
0,0,0,4,16,12,0.2580128327395076,0.01959999999999997
0,0,0,4,15,63,0.187982086044968,0.013224999999999997
0,0,0,4,18,34,0.25898940269014503,0.000899999999999995
0,0,0,4,17,33,0.2135178643635892,0.0012249999999999943
0,0,0,4,20,19,0.2586689656750921,0.011024999999999997
0,0,0,4,19,14,0.25800520328676824,0.01689999999999997
0,0,0,4,21,17,0.2511768430850455,0.013224999999999997
0,0,0,4,22,40,0.23960296327944397,0.0
0,0,0,4,23,49,0.26519214776724065,0.002025000000000004
0,0,0,4,24,26,0.25171090477680036,0.004899999999999993
0,0,0,4,26,48,0.19518428943091912,0.001600000000000003
0,0,0,4,28,28,0.237497234323382,0.003599999999999993
0,0,0,4,27,35,0.23774137681104135,0.0006249999999999956
0,0,0,4,25,22,0.21882033401744094,0.008099999999999994
0,0,0,4,29,8,0.3123040184327578,0.025599999999999973
0,0,0,4,31,23,0.19812925818831015,0.007224999999999994
0,0,0,4,30,33,0.24682805502361316,0.0012249999999999943
0,0,0,4,32,16,0.2733861800093079,0.0144
0,0,0,4,33,32,0.1952911017692701,0.001599999999999994
0,0,0,4,34,54,0.19835051231775144,0.0049000000000000085
0,0,0,4,35,44,0.1879286798757925,0.0004000000000000007
0,0,0,4,36,55,0.19519191888365847,0.00562500000000001
0,0,0,4,38,20,0.2702657338389117,0.009999999999999995
0,0,0,4,39,47,0.19517665997817976,0.0012250000000000021
0,0,0,4,37,12,0.23945037422465687,0.01959999999999997
0,0,0,4,40,15,0.2625218393084664,0.015625
0,0,0,4,41,36,0.19336085022621327,0.0004000000000000007
0,0,0,4,43,12,0.237497234323382,0.01959999999999997
0,0,0,4,44,18,0.25889784925727277,0.012099999999999998
0,0,0,4,42,15,0.2586765951278315,0.015625
0,0,0,4,45,25,0.259569241098336,0.005624999999999994
0,0,0,4,47,20,0.2775442317522564,0.009999999999999995
0,0,0,4,46,36,0.19538265520214235,0.0004000000000000007
0,0,0,4,48,52,0.19316248445499004,0.0036000000000000064
0,0,0,4,49,18,0.25303842955344813,0.012099999999999998
0,0,0,5,0,21,0.2589131081627515,0.009024999999999995
0,0,0,5,2,16,0.2518406054733694,0.0144
0,0,0,5,4,44,0.19517665997817976,0.0004000000000000007
0,0,0,5,1,46,0.1931167077385539,0.0009000000000000016
0,0,0,5,5,35,0.23960296327944397,0.0006249999999999956
0,0,0,5,8,35,0.19733579510341723,0.0006249999999999956
0,0,0,5,7,11,0.2553501537334727,0.021024999999999974
0,0,0,5,6,25,0.2376498233781691,0.005624999999999994
0,0,0,5,9,26,0.21100014495960204,0.004899999999999993
0,0,0,5,10,16,0.24682805502361316,0.0144
0,0,0,5,3,22,0.25734144089844435,0.008099999999999994
0,0,0,5,11,43,0.19835051231775144,0.0002250000000000004
0,0,0,5,12,15,0.25770002517719404,0.015625
0,0,0,5,14,28,0.2518863821898055,0.003599999999999993
0,0,0,5,13,33,0.2110077744123414,0.0012249999999999943
0,0,0,5,17,25,0.22062851431666808,0.005624999999999994
0,0,0,5,16,15,0.2645894210008316,0.015625
0,0,0,5,19,40,0.1983428828650121,0.0
0,0,0,5,18,35,0.19831236505405467,0.0006249999999999956
0,0,0,5,15,37,0.19841154793966628,0.00022499999999999707
0,0,0,5,20,38,0.23450648884955483,0.00010000000000000018
0,0,0,5,21,12,0.30910727773496804,0.01959999999999997
0,0,0,5,22,25,0.19510799490352557,0.005624999999999994
0,0,0,5,23,40,0.19055321161813063,0.0
0,0,0,5,24,45,0.18757009559704282,0.0006250000000000011
0,0,0,5,26,50,0.1934066269426494,0.0025000000000000044
0,0,0,5,27,46,0.19848021301432048,0.0009000000000000016
0,0,0,5,28,39,0.18938590534900931,2.4999999999998934e-05
0,0,0,5,25,47,0.19538265520214235,0.0012250000000000021
0,0,0,5,30,60,0.19538265520214235,0.010000000000000018
0,0,0,5,33,13,0.303820066986595,0.018225
0,0,0,5,31,35,0.21343394038345628,0.0006249999999999956
0,0,0,5,32,24,0.2217958205857894,0.006399999999999993
0,0,0,5,29,16,0.23960296327944397,0.0144
0,0,0,5,34,26,0.2586537067696134,0.004899999999999993
0,0,0,5,35,29,0.2530613179116662,0.003024999999999993
0,0,0,5,36,26,0.21891951690305256,0.004899999999999993
0,0,0,5,37,23,0.23750486377612134,0.007224999999999994
0,0,0,5,38,16,0.22947105004158053,0.0144
0,0,0,5,39,56,0.2189805525249674,0.006400000000000012
0,0,0,5,40,52,0.19518428943091912,0.0036000000000000064
0,0,0,5,41,67,0.19178918296190614,0.018225
0,0,0,5,42,44,0.19517665997817976,0.0004000000000000007
0,0,0,5,43,38,0.21082466754659687,0.00010000000000000018
0,0,0,5,44,24,0.2559910277635785,0.006399999999999993
0,0,0,5,46,40,0.24230378954917564,0.0
0,0,0,5,45,9,0.305109444499546,0.024024999999999973
0,0,0,5,47,26,0.30357592449893567,0.004899999999999993
0,0,0,5,48,8,0.31205987594509843,0.025599999999999973
0,0,0,5,49,52,0.19574123948089203,0.0036000000000000064
0,0,0,6,0,61,0.19397120644536167,0.011024999999999997
0,0,0,6,1,34,0.19224695012626744,0.000899999999999995
0,0,0,6,2,29,0.2110077744123414,0.003024999999999993
0,0,0,6,4,33,0.1952376956000946,0.0012249999999999943
0,0,0,6,3,48,0.19330744405703779,0.001600000000000003
0,0,0,6,6,11,0.3013023475826079,0.021024999999999974
0,0,0,6,5,59,0.20007476863684567,0.009024999999999995
0,0,0,6,7,24,0.2455005302469654,0.006399999999999993
0,0,0,6,8,65,0.19841154793966628,0.015625
0,0,0,6,9,22,0.24230378954917564,0.008099999999999994
0,0,0,6,10,39,0.19736631291437465,2.4999999999998934e-05
0,0,0,6,11,71,0.16417056404544103,0.024025000000000008
0,0,0,6,12,48,0.19847258356158112,0.001600000000000003
0,0,0,6,13,50,0.19517665997817976,0.0025000000000000044
0,0,0,6,14,26,0.21082466754659687,0.004899999999999993
0,0,0,6,16,55,0.1922698384844855,0.00562500000000001
0,0,0,6,17,19,0.2078873282419452,0.011024999999999997
0,0,0,6,15,36,0.19542080246583912,0.0004000000000000007
0,0,0,6,18,35,0.18761587231347895,0.0006249999999999956
0,0,0,6,19,57,0.19538265520214235,0.007224999999999994
0,0,0,6,21,176,0.039169610363848605,0.4624000000000001
0,0,0,6,23,10,0.24235719571835113,0.022499999999999975
0,0,0,6,24,50,0.20899359888915167,0.0025000000000000044
0,0,0,6,22,48,0.20224916266756185,0.001600000000000003
0,0,0,6,20,36,0.24691960845648542,0.0004000000000000007
0,0,0,6,25,35,0.23842039810484394,0.0006249999999999956
0,0,0,6,26,70,0.1876235017662183,0.022500000000000006
0,0,0,6,27,45,0.1954436908240572,0.0006250000000000011
0,0,0,6,28,90,0.19719846495410884,0.0625
0,0,0,6,29,36,0.24413485820662084,0.0004000000000000007
0,0,0,6,30,43,0.19548183808775396,0.0002250000000000004
0,0,0,6,32,43,0.1768583439509884,0.0002250000000000004
0,0,0,6,31,29,0.21362467670194016,0.003024999999999993
0,0,0,6,33,48,0.197373942367114,0.001600000000000003
0,0,0,6,34,72,0.19055321161813063,0.02560000000000001
0,0,0,6,36,40,0.1934066269426494,0.0
0,0,0,6,38,29,0.2110077744123414,0.003024999999999993
0,0,0,6,39,26,0.21082466754659687,0.004899999999999993
0,0,0,6,37,30,0.19518428943091912,0.0024999999999999935
0,0,0,6,35,0,0.8015884520603337,0.03999999999999998
0,0,0,6,40,36,0.195138512714483,0.0004000000000000007
0,0,0,6,41,78,0.1954436908240572,0.03610000000000002
0,0,0,6,42,41,0.19520717778913718,2.5000000000000045e-05
0,0,0,6,43,16,0.2422580128327395,0.0144
0,0,0,6,44,21,0.21343394038345628,0.009024999999999995
0,0,0,6,45,5,0.3094353442027603,0.030624999999999975
0,0,0,6,46,26,0.19517665997817976,0.004899999999999993
0,0,0,6,48,51,0.1983734006759695,0.0030250000000000055
0,0,0,6,49,38,0.18756246614430347,0.00010000000000000018
0,0,0,6,47,48,0.22282579670560232,0.001600000000000003
0,0,0,7,0,48,0.18763113121895766,0.001600000000000003
0,0,0,7,2,44,0.19151452266328936,0.0004000000000000007
0,0,0,7,3,18,0.24691960845648542,0.012099999999999998
0,0,0,7,1,58,0.19330744405703779,0.008100000000000015
0,0,0,7,4,48,0.19538265520214235,0.001600000000000003
0,0,0,7,5,40,0.19519954833639783,0.0
0,0,0,7,6,52,0.19123223291193323,0.0036000000000000064
0,0,0,7,7,59,0.19397883589810103,0.009024999999999995
0,0,0,7,8,44,0.18811178674153703,0.0004000000000000007
0,0,0,7,10,18,0.24548527134148668,0.012099999999999998
0,0,0,7,9,34,0.19221643231531002,0.000899999999999995
0,0,0,7,11,36,0.19529873122200944,0.0004000000000000007
0,0,0,7,12,26,0.2441272287538815,0.004899999999999993
0,0,0,7,13,30,0.1954436908240572,0.0024999999999999935
0,0,0,7,14,33,0.24413485820662084,0.0012249999999999943
0,0,0,7,16,23,0.24235719571835113,0.007224999999999994
0,0,0,7,17,30,0.212869360880744,0.0024999999999999935
0,0,0,7,18,26,0.23743619870146715,0.004899999999999993
0,0,0,7,19,27,0.23984710576710333,0.004224999999999993
0,0,0,7,20,50,0.19339899748991005,0.0025000000000000044
0,0,0,7,21,37,0.195138512714483,0.00022499999999999707
0,0,0,7,15,68,0.1486064804571568,0.019600000000000034
0,0,0,7,22,42,0.18756246614430347,0.00010000000000000018
0,0,0,7,23,30,0.19056847052360934,0.0024999999999999935
0,0,0,7,24,35,0.19611508266512043,0.0006249999999999956
0,0,0,7,25,52,0.195375025749403,0.0036000000000000064
0,0,0,7,26,43,0.1954436908240572,0.0002250000000000004
0,0,0,7,27,59,0.1876235017662183,0.009024999999999995
0,0,0,7,28,63,0.195138512714483,0.013224999999999997
0,0,0,7,29,30,0.21104592167603817,0.0024999999999999935
0,0,0,7,30,65,0.19523006614735525,0.015625
0,0,0,7,31,21,0.24306673482311114,0.009024999999999995
0,0,0,7,32,37,0.19518428943091912,0.00022499999999999707
0,0,0,7,33,37,0.1934218858481281,0.00022499999999999707
0,0,0,7,35,35,0.19132378634480549,0.0006249999999999956
0,0,0,7,34,67,0.19517665997817976,0.018225
0,0,0,7,36,21,0.244073822584706,0.009024999999999995
0,0,0,7,37,17,0.22283342615834167,0.013224999999999997
0,0,0,7,39,48,0.19542080246583912,0.001600000000000003
0,0,0,7,38,66,0.19331507350977714,0.01690000000000003
0,0,0,7,40,31,0.19150689321055,0.002024999999999994
0,0,0,7,41,64,0.1954742086350146,0.014400000000000026
0,0,0,7,43,46,0.1984573246561024,0.0009000000000000016
0,0,0,7,44,47,0.19227746793722486,0.0012250000000000021
0,0,0,7,45,15,0.2384127686521046,0.015625
0,0,0,7,42,18,0.24023620785681044,0.012099999999999998
0,0,0,7,46,40,0.20305025520519412,0.0
0,0,0,7,47,30,0.20204316744359926,0.0024999999999999935
0,0,0,7,48,38,0.24228090119095758,0.00010000000000000018
0,0,0,7,49,31,0.24624058716268282,0.002024999999999994
0,0,0,8,1,65,0.18757009559704282,0.015625
0,0,0,8,3,28,0.19034721639416805,0.003599999999999993
0,0,0,8,0,20,0.24229616009643629,0.009999999999999995
0,0,0,8,2,52,0.18885947310999382,0.0036000000000000064
0,0,0,8,7,53,0.19221643231531002,0.004225000000000007
0,0,0,8,4,23,0.19147637539959259,0.007224999999999994
0,0,0,8,8,34,0.2559605099526211,0.000899999999999995
0,0,0,8,5,38,0.19150689321055,0.00010000000000000018
0,0,0,8,6,8,0.2430056992011963,0.025599999999999973
0,0,0,8,10,30,0.19611508266512043,0.0024999999999999935
0,0,0,8,9,145,0.04694402270525135,0.275625
0,0,0,8,11,40,0.19346766256456424,0.0
0,0,0,8,12,30,0.19221643231531002,0.0024999999999999935
0,0,0,8,15,47,0.1934218858481281,0.0012250000000000021
0,0,0,8,13,30,0.19210961997695905,0.0024999999999999935
0,0,0,8,18,56,0.19227746793722486,0.006400000000000012
0,0,0,8,16,53,0.19151452266328936,0.004225000000000007
0,0,0,8,14,54,0.19429164346041458,0.0049000000000000085
0,0,0,8,17,75,0.2097870619740446,0.030625000000000017
0,0,0,8,20,15,0.24420352328127504,0.015625
0,0,0,8,19,13,0.244073822584706,0.018225
0,0,0,8,22,33,0.19519954833639783,0.0012249999999999943
0,0,0,8,21,50,0.19524532505283396,0.0025000000000000044
0,0,0,8,23,33,0.19499355311243524,0.0012249999999999943
0,0,0,8,24,48,0.19514614216722234,0.001600000000000003
0,0,0,8,25,42,0.1954055435603604,0.00010000000000000018
0,0,0,8,28,46,0.2030197373942367,0.0009000000000000016
0,0,0,8,26,44,0.19122460345919387,0.0004000000000000007
0,0,0,8,27,31,0.20305788465793348,0.002024999999999994
0,0,0,8,30,146,0.20176850714498248,0.28090000000000004
0,0,0,8,29,31,0.19517665997817976,0.002024999999999994
0,0,0,8,31,0,0.80849310678945,0.03999999999999998
0,0,0,8,32,36,0.19339899748991005,0.0004000000000000007
0,0,0,8,33,34,0.24236482517109048,0.000899999999999995
0,0,0,8,35,63,0.19611508266512043,0.013224999999999997
0,0,0,8,34,0,0.8086762136551945,0.03999999999999998
0,0,0,8,36,41,0.19524532505283396,2.5000000000000045e-05
0,0,0,8,37,49,0.19221643231531002,0.002025000000000004
0,0,0,8,38,40,0.1983428828650121,0.0
0,0,0,8,40,27,0.18756246614430347,0.004224999999999993
0,0,0,8,42,29,0.2109543682431659,0.003024999999999993
0,0,0,8,39,55,0.1934218858481281,0.00562500000000001
0,0,0,8,45,33,0.19521480724187654,0.0012249999999999943
0,0,0,8,46,31,0.1876235017662183,0.002024999999999994
0,0,0,8,44,74,0.17978042435016137,0.028900000000000012
0,0,0,8,43,146,0.06236314669148782,0.28090000000000004
0,0,0,8,47,61,0.19914397540264436,0.011024999999999997
0,0,0,8,41,38,0.18763113121895766,0.00010000000000000018
0,0,0,8,49,41,0.1992889350046921,2.5000000000000045e-05
0,0,0,8,48,51,0.19123223291193323,0.0030250000000000055
0,0,0,9,0,49,0.19032432803594998,0.002025000000000004
0,0,0,9,2,48,0.1876082428607396,0.001600000000000003
0,0,0,9,4,38,0.19221643231531002,0.00010000000000000018
0,0,0,9,5,104,0.19149926375781065,0.10240000000000005
0,0,0,9,1,31,0.2028518894339709,0.002024999999999994
0,0,0,9,9,0,0.8048538578327776,0.03999999999999998
0,0,0,9,11,28,0.1983428828650121,0.003599999999999993
0,0,0,9,7,46,0.1954055435603604,0.0009000000000000016
0,0,0,9,6,67,0.19517665997817976,0.018225
0,0,0,9,15,60,0.19130852743932678,0.010000000000000018
0,0,0,9,14,36,0.19446712087341975,0.0004000000000000007
0,0,0,9,12,43,0.19147637539959259,0.0002250000000000004
0,0,0,9,3,44,0.19513088326174363,0.0004000000000000007
0,0,0,9,10,47,0.19230798574818228,0.0012250000000000021
0,0,0,9,8,35,0.1991058281389476,0.0006249999999999956
0,0,0,9,13,0,0.8065323374354357,0.03999999999999998
0,0,0,9,19,26,0.23450648884955483,0.004899999999999993
0,0,0,9,18,57,0.18763113121895766,0.007224999999999994
0,0,0,9,23,1,0.8047088982307299,0.03802499999999998
0,0,0,9,20,42,0.19346766256456424,0.00010000000000000018
0,0,0,9,22,60,0.19519954833639783,0.010000000000000018
0,0,0,9,21,36,0.19353632763921844,0.0004000000000000007
0,0,0,9,17,50,0.19127038017563,0.0025000000000000044
0,0,0,9,25,58,0.18888999092095124,0.008100000000000015
0,0,0,9,24,14,0.2559605099526211,0.01689999999999997
0,0,0,9,27,54,0.195375025749403,0.0049000000000000085
0,0,0,9,26,40,0.19236139191735777,0.0
0,0,0,9,16,35,0.19512325380900428,0.0006249999999999956
0,0,0,9,28,37,0.24225038338000016,0.00022499999999999707
0,0,0,9,30,33,0.19541317301309977,0.0012249999999999943
0,0,0,9,29,35,0.19151452266328936,0.0006249999999999956
0,0,0,9,31,70,0.19150689321055,0.022500000000000006
0,0,0,9,32,28,0.19149926375781065,0.003599999999999993
0,0,0,9,33,60,0.19053032325991257,0.010000000000000018
0,0,0,9,35,29,0.19156792883246485,0.003024999999999993
0,0,0,9,37,49,0.19151452266328936,0.002025000000000004
0,0,0,9,38,177,0.007698117814009201,0.46922500000000006
0,0,0,9,34,43,0.19519954833639783,0.0002250000000000004
0,0,0,9,36,0,0.8028473117623273,0.03999999999999998
0,0,0,9,39,160,0.0606541492778723,0.3600000000000001
0,0,0,9,41,46,0.1913390452502842,0.0009000000000000016
0,0,0,9,42,168,0.06134080002441425,0.4096
0,0,0,9,40,53,0.19841154793966628,0.004225000000000007
0,0,0,9,43,0,0.8184037658978721,0.03999999999999998
0,0,0,9,45,43,0.1876769079353938,0.0002250000000000004
0,0,0,9,44,82,0.19147637539959259,0.044099999999999986
0,0,0,9,46,33,0.19346766256456424,0.0012249999999999943
0,0,0,9,48,24,0.2185685620770422,0.006399999999999993
0,0,0,9,47,15,0.3123497951491939,0.015625
0,0,0,9,49,31,0.19521480724187654,0.002024999999999994
0,0,0,10,0,17,0.26548206697133614,0.013224999999999997
0,0,0,10,2,69,0.19149926375781065,0.021025000000000005
0,0,0,10,1,44,0.19519954833639783,0.0004000000000000007
0,0,0,10,5,29,0.18763876067169702,0.003024999999999993
0,0,0,10,3,30,0.1876082428607396,0.0024999999999999935
0,0,0,10,9,41,0.18756246614430347,2.5000000000000045e-05
0,0,0,10,7,70,0.19353632763921844,0.022500000000000006
0,0,0,10,12,18,0.19908293978072952,0.012099999999999998
0,0,0,10,10,20,0.2559605099526211,0.009999999999999995
0,0,0,10,6,23,0.1991058281389476,0.007224999999999994
0,0,0,10,8,37,0.1991058281389476,0.00022499999999999707
0,0,0,10,15,38,0.19032432803594998,0.00010000000000000018
0,0,0,10,4,32,0.20273744764288057,0.001599999999999994
0,0,0,10,14,48,0.1876769079353938,0.001600000000000003
0,0,0,10,18,29,0.19513088326174363,0.003024999999999993
0,0,0,10,20,48,0.19524532505283396,0.001600000000000003
0,0,0,10,16,53,0.1950698476398288,0.004225000000000007
0,0,0,10,11,60,0.19541317301309977,0.010000000000000018
0,0,0,10,21,38,0.1952224366946159,0.00010000000000000018
0,0,0,10,25,38,0.24402804586826987,0.00010000000000000018
0,0,0,10,17,68,0.19513088326174363,0.019600000000000034
0,0,0,10,22,46,0.18831015251276026,0.0009000000000000016
0,0,0,10,13,39,0.19236139191735777,2.4999999999998934e-05
0,0,0,10,23,47,0.19152978156876807,0.0012250000000000021
0,0,0,10,24,46,0.1876235017662183,0.0009000000000000016
0,0,0,10,19,52,0.21467754117997115,0.0036000000000000064
0,0,0,10,27,0,0.8047623043999054,0.03999999999999998
0,0,0,10,29,35,0.19899901580059662,0.0006249999999999956
0,0,0,10,26,35,0.1935439570919578,0.0006249999999999956
0,0,0,10,30,125,0.1904921759962158,0.18062500000000004
0,0,0,10,31,47,0.19444423251520168,0.0012250000000000021
0,0,0,10,32,51,0.24225038338000016,0.0030250000000000055
0,0,0,10,33,39,0.19151452266328936,2.4999999999998934e-05
0,0,0,10,34,164,0.05876967445125161,0.3844
0,0,0,10,28,46,0.1955581326151475,0.0009000000000000016
0,0,0,10,36,55,0.19346766256456424,0.00562500000000001
0,0,0,10,35,56,0.19151452266328936,0.006400000000000012
0,0,0,10,37,29,0.19151452266328936,0.003024999999999993
0,0,0,10,40,34,0.19044639927977966,0.000899999999999995
0,0,0,10,39,36,0.19346766256456424,0.0004000000000000007
0,0,0,10,38,31,0.19236139191735777,0.002024999999999994
0,0,0,10,44,73,0.18834067032371768,0.027225000000000013
0,0,0,10,45,36,0.24402804586826987,0.0004000000000000007
0,0,0,10,43,45,0.19346766256456424,0.0006250000000000011
0,0,0,10,46,40,0.1954055435603604,0.0
0,0,0,10,42,56,0.19346766256456424,0.006400000000000012
0,0,0,10,41,46,0.19513088326174363,0.0009000000000000016
0,0,0,10,47,43,0.19151452266328936,0.0002250000000000004
0,0,0,10,49,35,0.19346766256456424,0.0006249999999999956
0,0,0,10,48,36,0.19352106873373973,0.0004000000000000007
0,0,0,11,0,31,0.18768453738813315,0.002024999999999994
0,0,0,11,2,54,0.19032432803594998,0.0049000000000000085
0,0,0,11,5,55,0.18743276544773443,0.00562500000000001
0,0,0,11,1,85,0.19542843191857848,0.05062500000000004
0,0,0,11,8,145,0.06231736997505169,0.275625
0,0,0,11,10,47,0.1991058281389476,0.0012250000000000021
0,0,0,11,12,31,0.19352106873373973,0.002024999999999994
0,0,0,11,6,53,0.19151452266328936,0.004225000000000007
0,0,0,11,11,102,0.13096718572376803,0.09610000000000003
0,0,0,11,3,52,0.19148400485233194,0.0036000000000000064
0,0,0,11,15,21,0.2471790098496235,0.009024999999999995
0,0,0,11,7,24,0.2439212335299189,0.006399999999999993
0,0,0,11,19,42,0.1883711881346751,0.00010000000000000018
0,0,0,11,17,23,0.24402804586826987,0.007224999999999994
0,0,0,11,13,54,0.19146874594685323,0.0049000000000000085
0,0,0,11,9,73,0.1876082428607396,0.027225000000000013
0,0,0,11,22,74,0.17588940345309031,0.028900000000000012
0,0,0,11,4,36,0.20008239808958503,0.0004000000000000007
0,0,0,11,24,44,0.19151452266328936,0.0004000000000000007
0,0,0,11,14,38,0.1955581326151475,0.00010000000000000018
0,0,0,11,16,49,0.1971526882376727,0.002025000000000004
0,0,0,11,20,35,0.19236902137009712,0.0006249999999999956
0,0,0,11,27,43,0.19044639927977966,0.0002250000000000004
0,0,0,11,21,38,0.18756246614430347,0.00010000000000000018
0,0,0,11,23,56,0.1954055435603604,0.006400000000000012
0,0,0,11,32,57,0.1991058281389476,0.007224999999999994
0,0,0,11,31,44,0.195375025749403,0.0004000000000000007
0,0,0,11,30,53,0.19513088326174363,0.004225000000000007
0,0,0,11,29,44,0.18766164902991508,0.0004000000000000007
0,0,0,11,34,24,0.244073822584706,0.006399999999999993
0,0,0,11,18,43,0.19542080246583912,0.0002250000000000004
0,0,0,11,33,42,0.19348292147004295,0.00010000000000000018
0,0,0,11,25,36,0.1991210870444263,0.0004000000000000007
0,0,0,11,39,46,0.1935439570919578,0.0009000000000000016
0,0,0,11,37,15,0.24402804586826987,0.015625
0,0,0,11,36,54,0.19319300226594746,0.0049000000000000085
0,0,0,11,28,27,0.1934905509227823,0.004224999999999993
0,0,0,11,42,29,0.19346766256456424,0.003024999999999993
0,0,0,11,45,39,0.19443660306246233,2.4999999999998934e-05
0,0,0,11,44,26,0.18951560604557835,0.004899999999999993
0,0,0,11,46,62,0.18756246614430347,0.012100000000000022
0,0,0,11,41,30,0.19521480724187654,0.0024999999999999935
0,0,0,11,40,31,0.19911345759168694,0.002024999999999994
0,0,0,11,26,45,0.1954055435603604,0.0006250000000000011
0,0,0,11,38,46,0.18761587231347895,0.0009000000000000016
0,0,0,11,47,32,0.1937270639577023,0.001599999999999994
0,0,0,11,43,42,0.19149926375781065,0.00010000000000000018
0,0,0,11,35,71,0.19346766256456424,0.024025000000000008
0,0,0,11,48,33,0.195138512714483,0.0012249999999999943
0,0,0,11,49,0,0.8165192910712514,0.03999999999999998
0,0,0,12,0,35,0.1883711881346751,0.0006249999999999956
0,0,0,12,2,44,0.1883559292291964,0.0004000000000000007
0,0,0,12,5,56,0.19149926375781065,0.006400000000000012
0,0,0,12,1,48,0.1876769079353938,0.001600000000000003
0,0,0,12,6,30,0.19117882674275774,0.0024999999999999935
0,0,0,12,4,43,0.2001205453532818,0.0002250000000000004
0,0,0,12,9,36,0.1934600331118249,0.0004000000000000007
0,0,0,12,10,34,0.18658589619366603,0.000899999999999995
0,0,0,12,13,46,0.18756246614430347,0.0009000000000000016
0,0,0,12,11,48,0.1935439570919578,0.001600000000000003
0,0,0,12,3,64,0.19348292147004295,0.014400000000000026
0,0,0,12,8,45,0.19152215211602872,0.0006250000000000011
0,0,0,12,7,55,0.19152215211602872,0.00562500000000001
0,0,0,12,14,56,0.1983428828650121,0.006400000000000012
0,0,0,12,12,33,0.23838988029388652,0.0012249999999999943
0,0,0,12,16,46,0.19561916823706235,0.0009000000000000016
0,0,0,12,18,35,0.18743276544773443,0.0006249999999999956
0,0,0,12,17,37,0.19443660306246233,0.00022499999999999707
0,0,0,12,15,28,0.20008239808958503,0.003599999999999993
0,0,0,12,20,43,0.2021576092346896,0.0002250000000000004
0,0,0,12,22,34,0.19348292147004295,0.000899999999999995
0,0,0,12,24,28,0.19147637539959259,0.003599999999999993
0,0,0,12,19,38,0.19319300226594746,0.00010000000000000018
0,0,0,12,21,38,0.19151452266328936,0.00010000000000000018
0,0,0,12,23,35,0.1924910926139268,0.0006249999999999956
0,0,0,12,26,18,0.1935592159974365,0.012099999999999998
0,0,0,12,29,45,0.1914229692304171,0.0006250000000000011
0,0,0,12,25,36,0.1934752920173036,0.0004000000000000007
0,0,0,12,28,34,0.19353632763921844,0.000899999999999995
0,0,0,12,27,8,0.30458301226053053,0.025599999999999973
0,0,0,12,30,36,0.1954055435603604,0.0004000000000000007
0,0,0,12,31,31,0.18839407649289316,0.002024999999999994
0,0,0,12,32,39,0.1934905509227823,2.4999999999998934e-05
0,0,0,12,33,59,0.18756246614430347,0.009024999999999995
0,0,0,12,34,44,0.18766927848265444,0.0004000000000000007
0,0,0,12,37,29,0.19345240365908553,0.003024999999999993
0,0,0,12,38,44,0.1883711881346751,0.0004000000000000007
0,0,0,12,41,77,0.18750143052238863,0.03422500000000002
0,0,0,12,40,25,0.19346766256456424,0.005624999999999994
0,0,0,12,36,53,0.19443660306246233,0.004225000000000007
0,0,0,12,39,16,0.3104348025116158,0.0144
0,0,0,12,43,39,0.19443660306246233,2.4999999999998934e-05
0,0,0,12,35,41,0.19932708226838888,2.5000000000000045e-05
0,0,0,12,46,53,0.19542080246583912,0.004225000000000007
0,0,0,12,44,43,0.18766164902991508,0.0002250000000000004
0,0,0,12,42,45,0.19044639927977966,0.0006250000000000011
0,0,0,12,48,48,0.17188394076492894,0.001600000000000003
0,0,0,12,47,53,0.1937270639577023,0.004225000000000007
0,0,0,12,45,40,0.19130089798658742,0.0
0,0,0,12,49,29,0.20224916266756185,0.003024999999999993
0,0,0,13,0,48,0.19322352007690488,0.001600000000000003
0,0,0,13,2,27,0.2021576092346896,0.004224999999999993
0,0,0,13,4,45,0.18741750654225572,0.0006250000000000011
0,0,0,13,5,29,0.19521480724187654,0.003024999999999993
0,0,0,13,7,37,0.19349818037552166,0.00022499999999999707
0,0,0,13,3,39,0.19932708226838888,2.4999999999998934e-05
0,0,0,13,10,27,0.18934775808531254,0.004224999999999993
0,0,0,13,8,44,0.1876082428607396,0.0004000000000000007
0,0,0,13,1,46,0.19443660306246233,0.0009000000000000016
0,0,0,13,6,44,0.1883711881346751,0.0004000000000000007
0,0,0,13,9,56,0.18740987708951637,0.006400000000000012
0,0,0,13,12,52,0.18766164902991508,0.0036000000000000064
0,0,0,13,13,58,0.1717694989738386,0.008100000000000015
0,0,0,13,11,39,0.18836355868193574,2.4999999999998934e-05
0,0,0,13,14,37,0.19443660306246233,0.00022499999999999707
0,0,0,13,15,49,0.1954055435603604,0.002025000000000004
0,0,0,13,16,100,0.19924315828825598,0.09000000000000002
0,0,0,13,17,35,0.19443660306246233,0.0006249999999999956
0,0,0,13,18,32,0.19443660306246233,0.001599999999999994
0,0,0,13,19,47,0.18761587231347895,0.0012250000000000021
0,0,0,13,20,30,0.19934997062660695,0.0024999999999999935
0,0,0,13,21,58,0.18766927848265444,0.008100000000000015
0,0,0,13,22,37,0.19348292147004295,0.00022499999999999707
0,0,0,13,24,47,0.17979568325564008,0.0012250000000000021
0,0,0,13,26,23,0.19443660306246233,0.007224999999999994
0,0,0,13,28,45,0.19348292147004295,0.0006250000000000011
0,0,0,13,30,45,0.1971221704267153,0.0006250000000000011
0,0,0,13,25,81,0.19929656445743146,0.04202500000000003
0,0,0,13,29,52,0.19317774336046875,0.0036000000000000064
0,0,0,13,31,35,0.19130089798658742,0.0006249999999999956
0,0,0,13,23,49,0.18369433360545048,0.002025000000000004
0,0,0,13,27,49,0.20008239808958503,0.002025000000000004
0,0,0,13,32,36,0.19129326853384807,0.0004000000000000007
0,0,0,13,33,39,0.19825132943213983,2.4999999999998934e-05
0,0,0,13,34,34,0.19542843191857848,0.000899999999999995
0,0,0,13,36,39,0.18170304644047883,2.4999999999998934e-05
0,0,0,13,37,31,0.19932708226838888,0.002024999999999994
0,0,0,13,35,23,0.19054558216539128,0.007224999999999994
0,0,0,13,38,32,0.19139245141945968,0.001599999999999994
0,0,0,13,39,72,0.1934905509227823,0.02560000000000001
0,0,0,13,40,50,0.19353632763921844,0.0025000000000000044
0,0,0,13,41,26,0.19053032325991257,0.004899999999999993
0,0,0,13,42,27,0.19423060783849974,0.004224999999999993
0,0,0,13,44,58,0.18831015251276026,0.008100000000000015
0,0,0,13,45,50,0.19346766256456424,0.0025000000000000044
0,0,0,13,43,55,0.19349818037552166,0.00562500000000001
0,0,0,13,46,37,0.19130089798658742,0.00022499999999999707
0,0,0,13,47,43,0.18742513599499508,0.0002250000000000004
0,0,0,13,48,55,0.1913390452502842,0.00562500000000001
0,0,0,13,49,40,0.19348292147004295,0.0
0,0,0,14,0,39,0.18934775808531254,2.4999999999998934e-05
0,0,0,14,2,35,0.17979568325564008,0.0006249999999999956
0,0,0,14,4,57,0.19443660306246233,0.007224999999999994
0,0,0,14,6,30,0.20008239808958503,0.0024999999999999935
0,0,0,14,7,39,0.19139245141945968,2.4999999999998934e-05
0,0,0,14,3,50,0.19358973380839392,0.0025000000000000044
0,0,0,14,8,33,0.19419246057480297,0.0012249999999999943
0,0,0,14,1,27,0.1934905509227823,0.004224999999999993
0,0,0,14,5,48,0.19442897360972297,0.001600000000000003
0,0,0,14,9,61,0.19367365778852683,0.011024999999999997
0,0,0,14,10,54,0.19435267908232942,0.0049000000000000085
0,0,0,14,11,66,0.1837095925109292,0.01690000000000003
0,0,0,14,12,0,0.8067612210176164,0.03999999999999998
0,0,0,14,13,57,0.18950034714009964,0.007224999999999994
0,0,0,14,14,46,0.1883711881346751,0.0009000000000000016
0,0,0,14,16,40,0.18761587231347895,0.0
0,0,0,14,17,35,0.19442134415698362,0.0006249999999999956
0,0,0,14,18,31,0.19348292147004295,0.002024999999999994
0,0,0,14,19,71,0.19521480724187654,0.024025000000000008
0,0,0,14,15,83,0.17675153161263743,0.04622500000000004
0,0,0,14,20,49,0.19328455569881972,0.002025000000000004
0,0,0,14,21,30,0.20614781301737226,0.0024999999999999935
0,0,0,14,22,35,0.18833304087097832,0.0006249999999999956
0,0,0,14,23,43,0.1972747594815024,0.0002250000000000004
0,0,0,14,25,48,0.1944594914206804,0.001600000000000003
0,0,0,14,24,49,0.19138482196672033,0.002025000000000004
0,0,0,14,27,26,0.19932708226838888,0.004899999999999993
0,0,0,14,28,25,0.1912856390811087,0.005624999999999994
0,0,0,14,29,40,0.18742513599499508,0.0
0,0,0,14,26,52,0.1883559292291964,0.0036000000000000064
0,0,0,14,30,29,0.19520717778913718,0.003024999999999993
0,0,0,14,31,48,0.1876082428607396,0.001600000000000003
0,0,0,14,33,54,0.1912856390811087,0.0049000000000000085
0,0,0,14,32,66,0.18181748823156915,0.01690000000000003
0,0,0,14,34,81,0.17273081001899734,0.04202500000000003
0,0,0,14,35,34,0.19835051231775144,0.000899999999999995
0,0,0,14,36,62,0.19328455569881972,0.012100000000000022
0,0,0,14,37,94,0.18145890395281947,0.0729
0,0,0,14,38,63,0.18357989181436016,0.013224999999999997
0,0,0,14,39,43,0.19519191888365847,0.0002250000000000004
0,0,0,14,40,34,0.19733579510341723,0.000899999999999995
0,0,0,14,42,48,0.19348292147004295,0.001600000000000003
0,0,0,14,41,59,0.18571613858137956,0.009024999999999995
0,0,0,14,44,39,0.19932708226838888,2.4999999999998934e-05
0,0,0,14,43,35,0.19348292147004295,0.0006249999999999956
0,0,0,14,45,41,0.1756528904181703,2.5000000000000045e-05
0,0,0,14,46,49,0.1934905509227823,0.002025000000000004
0,0,0,14,48,56,0.18267961639111627,0.006400000000000012
0,0,0,14,47,37,0.19341425639538876,0.00022499999999999707
0,0,0,14,49,49,0.18836355868193574,0.002025000000000004
0,0,0,15,0,31,0.19139245141945968,0.002024999999999994
0,0,0,15,2,167,0.054573475444606355,0.403225
0,0,0,15,4,49,0.19932708226838888,0.002025000000000004
0,0,0,15,6,37,0.19519191888365847,0.00022499999999999707
0,0,0,15,3,59,0.1883711881346751,0.009024999999999995
0,0,0,15,9,51,0.19519954833639783,0.0030250000000000055
0,0,0,15,1,40,0.19835051231775144,0.0
0,0,0,15,8,40,0.1934752920173036,0.0
0,0,0,15,10,53,0.1873869887312983,0.004225000000000007
0,0,0,15,5,32,0.19825132943213983,0.001599999999999994
0,0,0,15,11,56,0.18761587231347895,0.006400000000000012
0,0,0,15,12,47,0.1876235017662183,0.0012250000000000021
0,0,0,15,13,50,0.18836355868193574,0.0025000000000000044
0,0,0,15,14,38,0.1876082428607396,0.00010000000000000018
0,0,0,15,15,55,0.1972747594815024,0.00562500000000001
0,0,0,15,7,53,0.18758535450252153,0.004225000000000007
0,0,0,15,16,39,0.2064453616742071,2.4999999999998934e-05
0,0,0,15,17,28,0.1944594914206804,0.003599999999999993
0,0,0,15,18,37,0.18757009559704282,0.00022499999999999707
0,0,0,15,20,69,0.19590908744115784,0.021025000000000005
0,0,0,15,22,55,0.19334559132073456,0.00562500000000001
0,0,0,15,21,25,0.19053032325991257,0.005624999999999994
0,0,0,15,19,58,0.18840170594563252,0.008100000000000015
0,0,0,15,23,47,0.18756246614430347,0.0012250000000000021
0,0,0,15,24,34,0.197373942367114,0.000899999999999995
0,0,0,15,25,23,0.18934775808531254,0.007224999999999994
0,0,0,15,26,38,0.19139245141945968,0.00010000000000000018
0,0,0,15,27,30,0.19055321161813063,0.0024999999999999935
0,0,0,15,28,38,0.19519191888365847,0.00010000000000000018
0,0,0,15,29,28,0.1972747594815024,0.003599999999999993
0,0,0,15,30,39,0.1876082428607396,2.4999999999998934e-05
0,0,0,15,31,56,0.18934775808531254,0.006400000000000012
0,0,0,15,32,36,0.17980331270837943,0.0004000000000000007
0,0,0,15,34,43,0.19520717778913718,0.0002250000000000004
0,0,0,15,33,19,0.3048118958427112,0.011024999999999997
0,0,0,15,37,69,0.1934752920173036,0.021025000000000005
0,0,0,15,35,40,0.19731290674519916,0.0
0,0,0,15,36,34,0.19410853659467006,0.000899999999999995
0,0,0,15,38,55,0.1941848311220636,0.00562500000000001
0,0,0,15,39,38,0.1972747594815024,0.00010000000000000018
0,0,0,15,40,44,0.19341425639538876,0.0004000000000000007
0,0,0,15,43,54,0.17566814932364902,0.0049000000000000085
0,0,0,15,42,30,0.19322352007690488,0.0024999999999999935
0,0,0,15,45,30,0.18742513599499508,0.0024999999999999935
0,0,0,15,46,68,0.17199838255601926,0.019600000000000034
0,0,0,15,48,49,0.1953063606747488,0.002025000000000004
0,0,0,15,49,28,0.18754720723882476,0.003599999999999993
0,0,0,15,41,36,0.19367365778852683,0.0004000000000000007
0,0,0,15,44,77,0.17491283350245287,0.03422500000000002
0,0,0,15,47,0,0.9483104576908699,0.03999999999999998
0,0,0,16,0,50,0.18761587231347895,0.0025000000000000044
0,0,0,16,2,46,0.197373942367114,0.0009000000000000016
0,0,0,16,4,46,0.19541317301309977,0.0009000000000000016
0,0,0,16,6,1,0.802626057632886,0.03802499999999998
0,0,0,16,1,46,0.18446490833212534,0.0009000000000000016
0,0,0,16,7,30,0.2065140267488613,0.0024999999999999935
0,0,0,16,10,43,0.19519191888365847,0.0002250000000000004
0,0,0,16,8,35,0.19055321161813063,0.0006249999999999956
0,0,0,16,13,37,0.19062187669278483,0.00022499999999999707
0,0,0,16,15,40,0.197373942367114,0.0
0,0,0,16,14,37,0.19451289758985588,0.00022499999999999707
0,0,0,16,17,78,0.19835051231775144,0.03610000000000002
0,0,0,16,11,41,0.1944594914206804,2.5000000000000045e-05
0,0,0,16,19,42,0.19519954833639783,0.00010000000000000018
0,0,0,16,5,67,0.1904387698270403,0.018225
0,0,0,16,9,53,0.1876082428607396,0.004225000000000007
0,0,0,16,16,50,0.19139245141945968,0.0025000000000000044
0,0,0,16,3,18,0.20691075829130776,0.012099999999999998
0,0,0,16,23,37,0.19117119729001839,0.00022499999999999707
0,0,0,16,25,49,0.19346766256456424,0.002025000000000004
0,0,0,16,20,44,0.19233087410640035,0.0004000000000000007
0,0,0,16,22,53,0.18757009559704282,0.004225000000000007
0,0,0,16,21,15,0.24810217363108544,0.015625
0,0,0,16,30,74,0.19538265520214235,0.028900000000000012
0,0,0,16,24,45,0.194322161271372,0.0006250000000000011
0,0,0,16,26,74,0.1876082428607396,0.028900000000000012
0,0,0,16,12,42,0.19825132943213983,0.00010000000000000018
0,0,0,16,32,162,0.051643765592694034,0.3721000000000001
0,0,0,16,28,65,0.19472652226655782,0.015625
0,0,0,16,18,38,0.19863280206910758,0.00010000000000000018
0,0,0,16,33,20,0.19519191888365847,0.009999999999999995
0,0,0,16,29,167,0.05772443942595998,0.403225
0,0,0,16,34,74,0.1876082428607396,0.028900000000000012
0,0,0,16,27,47,0.19236902137009712,0.0012250000000000021
0,0,0,16,31,51,0.197373942367114,0.0030250000000000055
0,0,0,16,35,39,0.17664471927428646,2.4999999999998934e-05
0,0,0,16,37,32,0.19129326853384807,0.001599999999999994
0,0,0,16,36,42,0.19055321161813063,0.00010000000000000018
0,0,0,16,38,53,0.19738157181985336,0.004225000000000007
0,0,0,16,39,32,0.18761587231347895,0.001599999999999994
0,0,0,16,41,28,0.1875395777860854,0.003599999999999993
0,0,0,16,40,48,0.19835051231775144,0.001600000000000003
0,0,0,16,43,24,0.20616307192285097,0.006399999999999993
0,0,0,16,42,39,0.19519191888365847,2.4999999999998934e-05
0,0,0,16,44,0,0.75005912825873,0.03999999999999998
0,0,0,16,45,31,0.1972747594815024,0.002024999999999994
0,0,0,16,46,38,0.19520717778913718,0.00010000000000000018
0,0,0,16,48,98,0.18754720723882476,0.08410000000000002
0,0,0,16,47,69,0.18742513599499508,0.021025000000000005
0,0,0,16,49,56,0.19846495410884177,0.006400000000000012
0,0,0,17,0,83,0.19055321161813063,0.04622500000000004
0,0,0,17,2,63,0.19446712087341975,0.013224999999999997
0,0,0,17,5,45,0.19810636983009208,0.0006250000000000011
0,0,0,17,1,61,0.18834067032371768,0.011024999999999997
0,0,0,17,3,71,0.19236902137009712,0.024025000000000008
0,0,0,17,6,63,0.19114830893180032,0.013224999999999997
0,0,0,17,4,57,0.17765943648862068,0.007224999999999994
0,0,0,17,7,34,0.19824369997940047,0.000899999999999995
0,0,0,17,8,36,0.19152215211602872,0.0004000000000000007
0,0,0,17,9,60,0.1875395777860854,0.010000000000000018
0,0,0,17,10,65,0.1904387698270403,0.015625
0,0,0,17,12,39,0.19053032325991257,2.4999999999998934e-05
0,0,0,17,11,0,0.8076080902716848,0.03999999999999998
0,0,0,17,13,35,0.19082024246400806,0.0006249999999999956
0,0,0,17,15,33,0.19062950614552418,0.0012249999999999943
0,0,0,17,18,14,0.30937430858084547,0.01689999999999997
0,0,0,17,14,55,0.1922698384844855,0.00562500000000001
0,0,0,17,17,38,0.18663167291010216,0.00010000000000000018
0,0,0,17,19,46,0.18055862852957558,0.0009000000000000016
0,0,0,17,16,31,0.19451289758985588,0.002024999999999994
0,0,0,17,20,77,0.18761587231347895,0.03422500000000002
0,0,0,17,23,45,0.1844725377848647,0.0006250000000000011
0,0,0,17,22,35,0.19444423251520168,0.0006249999999999956
0,0,0,17,25,37,0.19519954833639783,0.00022499999999999707
0,0,0,17,21,51,0.1934905509227823,0.0030250000000000055
0,0,0,17,24,33,0.19047691709073708,0.0012249999999999943
0,0,0,17,26,37,0.19825132943213983,0.00022499999999999707
0,0,0,17,27,60,0.19488674077408427,0.010000000000000018
0,0,0,17,28,40,0.197373942367114,0.0
0,0,0,17,29,32,0.208871527645322,0.001599999999999994
0,0,0,17,30,34,0.19194177201669324,0.000899999999999995
0,0,0,17,31,29,0.1953063606747488,0.003024999999999993
0,0,0,17,34,61,0.18761587231347895,0.011024999999999997
0,0,0,17,32,39,0.19056084107086999,2.4999999999998934e-05
0,0,0,17,33,39,0.19477229898299395,2.4999999999998934e-05
0,0,0,17,35,41,0.18446490833212534,2.5000000000000045e-05
0,0,0,17,36,41,0.19346766256456424,2.5000000000000045e-05
0,0,0,17,37,24,0.18048233400218203,0.006399999999999993
0,0,0,17,39,38,0.20301210794149735,0.00010000000000000018
0,0,0,17,40,46,0.19139245141945968,0.0009000000000000016
0,0,0,17,38,30,0.19836577122323015,0.0024999999999999935
0,0,0,17,41,35,0.18751668942786734,0.0006249999999999956
0,0,0,17,43,22,0.1876082428607396,0.008099999999999994
0,0,0,17,42,161,0.05088844977149789,0.3660250000000001
0,0,0,17,44,32,0.19055321161813063,0.001599999999999994
0,0,0,17,45,45,0.19519191888365847,0.0006250000000000011
0,0,0,17,46,164,0.05944869574505421,0.3844
0,0,0,17,47,64,0.17585125618939354,0.014400000000000026
0,0,0,17,48,28,0.20643773222146775,0.003599999999999993
0,0,0,17,49,49,0.19451289758985588,0.002025000000000004
0,0,0,18,0,35,0.19324640843512295,0.0006249999999999956
0,0,0,18,1,27,0.18156571629117044,0.004224999999999993
0,0,0,18,3,45,0.19149926375781065,0.0006250000000000011
0,0,0,18,2,37,0.19324640843512295,0.00022499999999999707
0,0,0,18,4,33,0.197373942367114,0.0012249999999999943
0,0,0,18,5,48,0.19233087410640035,0.001600000000000003
0,0,0,18,6,22,0.1906600239564816,0.008099999999999994
0,0,0,18,7,57,0.19130089798658742,0.007224999999999994
0,0,0,18,9,44,0.21104592167603817,0.0004000000000000007
0,0,0,18,10,20,0.30626149186318863,0.009999999999999995
0,0,0,18,11,51,0.197373942367114,0.0030250000000000055
0,0,0,18,8,65,0.19450526813711652,0.015625
0,0,0,18,12,36,0.19825132943213983,0.0004000000000000007
0,0,0,18,14,123,0.17588940345309031,0.17222500000000002
0,0,0,18,15,24,0.19446712087341975,0.006399999999999993
0,0,0,18,13,177,0.05480235902678701,0.46922500000000006
0,0,0,18,16,38,0.20301210794149735,0.00010000000000000018
0,0,0,18,17,46,0.19810636983009208,0.0009000000000000016
0,0,0,18,18,33,0.21430369799574275,0.0012249999999999943
0,0,0,18,21,27,0.21147317102944205,0.004224999999999993
0,0,0,18,20,31,0.1876082428607396,0.002024999999999994
0,0,0,18,19,57,0.19451289758985588,0.007224999999999994
0,0,0,18,22,67,0.17974990653920395,0.018225
0,0,0,18,23,50,0.1844725377848647,0.0025000000000000044
0,0,0,18,25,45,0.1971526882376727,0.0006250000000000011
0,0,0,18,26,61,0.197373942367114,0.011024999999999997
0,0,0,18,27,50,0.195848051819243,0.0025000000000000044
0,0,0,18,28,40,0.19519954833639783,0.0
0,0,0,18,31,29,0.19734342455615658,0.003024999999999993
0,0,0,18,24,29,0.20301210794149735,0.003024999999999993
0,0,0,18,33,45,0.19090416644414096,0.0006250000000000011
0,0,0,18,32,57,0.1904387698270403,0.007224999999999994
0,0,0,18,30,45,0.19086601918044419,0.0006250000000000011
0,0,0,18,34,60,0.18836355868193574,0.010000000000000018
0,0,0,18,29,42,0.19346766256456424,0.00010000000000000018
0,0,0,18,35,29,0.19810636983009208,0.003024999999999993
0,0,0,18,36,59,0.20301210794149735,0.009024999999999995
0,0,0,18,37,78,0.17584362673665418,0.03610000000000002
0,0,0,18,38,50,0.19055321161813063,0.0025000000000000044
0,0,0,18,40,18,0.1962218950034714,0.012099999999999998
0,0,0,18,39,47,0.20305025520519412,0.0012250000000000021
0,0,0,18,42,0,0.8055557674847983,0.03999999999999998
0,0,0,18,41,40,0.20884863928710393,0.0
0,0,0,18,43,38,0.18661641400462345,0.00010000000000000018
0,0,0,18,46,48,0.1934752920173036,0.001600000000000003
0,0,0,18,48,26,0.24305147591763243,0.004899999999999993
0,0,0,18,49,35,0.18761587231347895,0.0006249999999999956
0,0,0,18,47,40,0.19446712087341975,0.0
0,0,0,18,45,37,0.1973052772924598,0.00022499999999999707
0,0,0,18,44,65,0.18022293260904396,0.015625
0,0,0,19,0,37,0.18836355868193574,0.00022499999999999707
0,0,0,19,2,75,0.19520717778913718,0.030625000000000017
0,0,0,19,4,31,0.21104592167603817,0.002024999999999994
0,0,0,19,1,24,0.19151452266328936,0.006399999999999993
0,0,0,19,6,35,0.2118699025718885,0.0006249999999999956
0,0,0,19,5,167,0.06846670888297182,0.403225
0,0,0,19,3,31,0.21299906157731305,0.002024999999999994
0,0,0,19,7,13,0.30652852270906605,0.018225
0,0,0,19,9,0,0.802626057632886,0.03999999999999998
0,0,0,19,8,31,0.19714505878493335,0.002024999999999994
0,0,0,19,10,49,0.197373942367114,0.002025000000000004
0,0,0,19,11,36,0.19324640843512295,0.0004000000000000007
0,0,0,19,13,47,0.19519954833639783,0.0012250000000000021
0,0,0,19,14,24,0.24280733342997307,0.006399999999999993
0,0,0,19,12,53,0.19324640843512295,0.004225000000000007
0,0,0,19,15,30,0.2030197373942367,0.0024999999999999935
0,0,0,19,16,25,0.19346766256456424,0.005624999999999994
0,0,0,19,17,59,0.18156571629117044,0.009024999999999995
0,0,0,19,18,36,0.1932387789823836,0.0004000000000000007
0,0,0,19,20,36,0.19446712087341975,0.0004000000000000007
0,0,0,19,19,31,0.2124497409800795,0.002024999999999994
0,0,0,19,21,52,0.197373942367114,0.0036000000000000064
0,0,0,19,22,32,0.1973052772924598,0.001599999999999994
0,0,0,19,24,25,0.20311129082710896,0.005624999999999994
0,0,0,19,25,43,0.1973052772924598,0.0002250000000000004
0,0,0,19,23,30,0.1982894766958366,0.0024999999999999935
0,0,0,19,28,41,0.19346766256456424,2.5000000000000045e-05
0,0,0,19,29,26,0.20884863928710393,0.004899999999999993
0,0,0,19,31,26,0.19770200883490627,0.004899999999999993
0,0,0,19,27,47,0.1932387789823836,0.0012250000000000021
0,0,0,19,30,21,0.2430896231813292,0.009024999999999995
0,0,0,19,33,62,0.19346766256456424,0.012100000000000022
0,0,0,19,26,60,0.20219575649838636,0.010000000000000018
0,0,0,19,34,52,0.19339899748991005,0.0036000000000000064
0,0,0,19,35,47,0.19324640843512295,0.0012250000000000021
0,0,0,19,32,35,0.18786764425387767,0.0006249999999999956
0,0,0,19,36,47,0.1876082428607396,0.0012250000000000021
0,0,0,19,38,42,0.19324640843512295,0.00010000000000000018
0,0,0,19,37,42,0.1904387698270403,0.00010000000000000018
0,0,0,19,39,28,0.19046928763799773,0.003599999999999993
0,0,0,19,40,44,0.19346766256456424,0.0004000000000000007
0,0,0,19,42,90,0.18171067589321818,0.0625
0,0,0,19,41,29,0.19444423251520168,0.003024999999999993
0,0,0,19,45,40,0.19517665997817976,0.0
0,0,0,19,43,47,0.1876082428607396,0.0012250000000000021
0,0,0,19,47,57,0.19149926375781065,0.007224999999999994
0,0,0,19,46,49,0.19523006614735525,0.002025000000000004
0,0,0,19,44,52,0.1922698384844855,0.0036000000000000064
0,0,0,19,48,26,0.20301210794149735,0.004899999999999993
0,0,0,19,49,47,0.1922698384844855,0.0012250000000000021
0,0,0,20,0,21,0.19517665997817976,0.009024999999999995
0,0,0,20,2,57,0.19322352007690488,0.007224999999999994
0,0,0,20,3,28,0.1944594914206804,0.003599999999999993
0,0,0,20,4,58,0.1876082428607396,0.008100000000000015
0,0,0,20,6,57,0.19346766256456424,0.007224999999999994
0,0,0,20,8,48,0.19322352007690488,0.001600000000000003
0,0,0,20,5,14,0.19736631291437465,0.01689999999999997
0,0,0,20,11,39,0.19444423251520168,2.4999999999998934e-05
0,0,0,20,7,23,0.19331507350977714,0.007224999999999994
0,0,0,20,10,175,0.05662579823149286,0.45562500000000006
0,0,0,20,15,38,0.19519954833639783,0.00010000000000000018
0,0,0,20,14,28,0.19331507350977714,0.003599999999999993
0,0,0,20,9,63,0.1932387789823836,0.013224999999999997
0,0,0,20,13,40,0.18055099907683622,0.0
0,0,0,20,19,42,0.17768232484683874,0.00010000000000000018
0,0,0,20,12,49,0.1934752920173036,0.002025000000000004
0,0,0,20,1,48,0.1932387789823836,0.001600000000000003
0,0,0,20,22,66,0.19056084107086999,0.01690000000000003
0,0,0,20,18,24,0.19517665997817976,0.006399999999999993
0,0,0,20,25,37,0.19446712087341975,0.00022499999999999707
0,0,0,20,21,41,0.208871527645322,2.5000000000000045e-05
0,0,0,20,17,53,0.19519954833639783,0.004225000000000007
0,0,0,20,24,54,0.19103386714071,0.0049000000000000085
0,0,0,20,16,38,0.1922698384844855,0.00010000000000000018
0,0,0,20,28,50,0.18836355868193574,0.0025000000000000044
0,0,0,20,27,37,0.19519954833639783,0.00022499999999999707
0,0,0,20,20,57,0.19233087410640035,0.007224999999999994
0,0,0,20,23,39,0.19324640843512295,2.4999999999998934e-05
0,0,0,20,29,52,0.19346766256456424,0.0036000000000000064
0,0,0,20,26,57,0.1876082428607396,0.007224999999999994
0,0,0,20,30,139,0.18754720723882476,0.245025
0,0,0,20,31,47,0.19446712087341975,0.0012250000000000021
0,0,0,20,33,42,0.1883559292291964,0.00010000000000000018
0,0,0,20,32,29,0.20275270654835928,0.003024999999999993
0,0,0,20,34,36,0.19346766256456424,0.0004000000000000007
0,0,0,20,35,22,0.19517665997817976,0.008099999999999994
0,0,0,20,37,59,0.19245294535023003,0.009024999999999995
0,0,0,20,38,59,0.19141533977767775,0.009024999999999995
0,0,0,20,36,0,0.8048233400218202,0.03999999999999998
0,0,0,20,39,35,0.197373942367114,0.0006249999999999956
0,0,0,20,41,43,0.19324640843512295,0.0002250000000000004
0,0,0,20,42,39,0.18763113121895766,2.4999999999998934e-05
0,0,0,20,43,69,0.19151452266328936,0.021025000000000005
0,0,0,20,44,39,0.1934600331118249,2.4999999999998934e-05
0,0,0,20,45,52,0.197373942367114,0.0036000000000000064
0,0,0,20,40,41,0.19324640843512295,2.5000000000000045e-05
0,0,0,20,46,39,0.1934905509227823,2.4999999999998934e-05
0,0,0,20,48,79,0.19519954833639783,0.038025000000000024
0,0,0,20,47,29,0.19529873122200944,0.003024999999999993
0,0,0,20,49,30,0.18846274156754736,0.0024999999999999935
0,0,0,21,0,34,0.1954436908240572,0.000899999999999995
0,0,0,21,2,51,0.197373942367114,0.0030250000000000055
0,0,0,21,4,33,0.19346766256456424,0.0012249999999999943
0,0,0,21,3,58,0.1802839682309588,0.008100000000000015
0,0,0,21,1,41,0.17774336046875358,2.5000000000000045e-05
0,0,0,21,5,22,0.18055099907683622,0.008099999999999994
0,0,0,21,8,33,0.19331507350977714,0.0012249999999999943
0,0,0,21,6,73,0.18956901221475383,0.027225000000000013
0,0,0,21,7,39,0.21104592167603817,2.4999999999998934e-05
0,0,0,21,9,25,0.21277780744787175,0.005624999999999994
0,0,0,21,11,36,0.19324640843512295,0.0004000000000000007
0,0,0,21,10,44,0.19519954833639783,0.0004000000000000007
0,0,0,21,12,49,0.19346766256456424,0.002025000000000004
0,0,0,21,14,156,0.05674786947532254,0.3364000000000001
0,0,0,21,15,41,0.1922698384844855,2.5000000000000045e-05
0,0,0,21,16,70,0.18055099907683622,0.022500000000000006
0,0,0,21,13,54,0.18152756902747366,0.0049000000000000085
0,0,0,21,17,46,0.19324640843512295,0.0009000000000000016
0,0,0,21,19,37,0.18836355868193574,0.00022499999999999707
0,0,0,21,20,51,0.18061966415149042,0.0030250000000000055
0,0,0,21,21,16,0.24292940467380275,0.0144
0,0,0,21,18,60,0.1883559292291964,0.010000000000000018
0,0,0,21,22,46,0.19517665997817976,0.0009000000000000016
0,0,0,21,24,58,0.19446712087341975,0.008100000000000015
0,0,0,21,23,24,0.18763876067169702,0.006399999999999993
0,0,0,21,25,74,0.18055099907683622,0.028900000000000012
0,0,0,21,26,61,0.19446712087341975,0.011024999999999997
0,0,0,21,27,26,0.197373942367114,0.004899999999999993
0,0,0,21,28,26,0.19324640843512295,0.004899999999999993
0,0,0,21,30,15,0.2440051575100518,0.015625
0,0,0,21,29,46,0.1934600331118249,0.0009000000000000016
0,0,0,21,31,23,0.19346766256456424,0.007224999999999994
0,0,0,21,32,30,0.1944060852515049,0.0024999999999999935
0,0,0,21,33,57,0.19446712087341975,0.007224999999999994
0,0,0,21,34,83,0.19520717778913718,0.04622500000000004
0,0,0,21,35,5,0.3055519527584286,0.030624999999999975
0,0,0,21,37,34,0.19519954833639783,0.000899999999999995
0,0,0,21,38,61,0.19444423251520168,0.011024999999999997
0,0,0,21,36,45,0.1883559292291964,0.0006250000000000011
0,0,0,21,40,46,0.19426112564945716,0.0009000000000000016
0,0,0,21,39,51,0.18836355868193574,0.0030250000000000055
0,0,0,21,41,44,0.19444423251520168,0.0004000000000000007
0,0,0,21,44,45,0.19336847967895263,0.0006250000000000011
0,0,0,21,43,39,0.19324640843512295,2.4999999999998934e-05
0,0,0,21,42,45,0.197373942367114,0.0006250000000000011
0,0,0,21,45,59,0.17761365977218455,0.009024999999999995
0,0,0,21,46,43,0.1934905509227823,0.0002250000000000004
0,0,0,21,48,40,0.19324640843512295,0.0
0,0,0,21,47,44,0.1876082428607396,0.0004000000000000007
0,0,0,21,49,46,0.19055321161813063,0.0009000000000000016
0,0,0,22,0,5,0.3123879424128907,0.030624999999999975
0,0,0,22,2,52,0.19055321161813063,0.0036000000000000064
0,0,0,22,1,76,0.19349818037552166,0.03240000000000002
0,0,0,22,5,26,0.2110077744123414,0.004899999999999993
0,0,0,22,7,35,0.19346766256456424,0.0006249999999999956
0,0,0,22,4,0,0.6942649403758269,0.03999999999999998
0,0,0,22,6,25,0.21299906157731305,0.005624999999999994
0,0,0,22,8,44,0.19444423251520168,0.0004000000000000007
0,0,0,22,3,31,0.19324640843512295,0.002024999999999994
0,0,0,22,10,32,0.18757009559704282,0.001599999999999994
0,0,0,22,12,51,0.19324640843512295,0.0030250000000000055
0,0,0,22,9,43,0.197373942367114,0.0002250000000000004
0,0,0,22,14,55,0.19324640843512295,0.00562500000000001
0,0,0,22,13,43,0.1918807363947784,0.0002250000000000004
0,0,0,22,11,36,0.17772047211053552,0.0004000000000000007
0,0,0,22,16,38,0.18836355868193574,0.00010000000000000018
0,0,0,22,18,43,0.19444423251520168,0.0002250000000000004
0,0,0,22,19,52,0.17957442912619878,0.0036000000000000064
0,0,0,22,15,62,0.19617611828703527,0.012100000000000022
0,0,0,22,17,56,0.1883711881346751,0.006400000000000012
0,0,0,22,21,37,0.19517665997817976,0.00022499999999999707
0,0,0,22,23,36,0.19324640843512295,0.0004000000000000007
0,0,0,22,20,43,0.19519954833639783,0.0002250000000000004
0,0,0,22,22,46,0.18736410037308024,0.0009000000000000016
0,0,0,22,24,25,0.19324640843512295,0.005624999999999994
0,0,0,22,25,22,0.21104592167603817,0.008099999999999994
0,0,0,22,27,54,0.19426112564945716,0.0049000000000000085
0,0,0,22,28,52,0.19519954833639783,0.0036000000000000064
0,0,0,22,30,66,0.1942229783857604,0.01690000000000003
0,0,0,22,31,40,0.19542080246583912,0.0
0,0,0,22,29,37,0.2108017791883788,0.00022499999999999707
0,0,0,22,26,47,0.19324640843512295,0.0012250000000000021
0,0,0,22,32,49,0.2130066910300524,0.002025000000000004
0,0,0,22,34,43,0.19519954833639783,0.0002250000000000004
0,0,0,22,35,32,0.19324640843512295,0.001599999999999994
0,0,0,22,33,36,0.19733579510341723,0.0004000000000000007
0,0,0,22,36,35,0.17774336046875358,0.0006249999999999956
0,0,0,22,37,47,0.19324640843512295,0.0012250000000000021
0,0,0,22,38,45,0.1934600331118249,0.0006250000000000011
0,0,0,22,39,37,0.19519954833639783,0.00022499999999999707
0,0,0,22,40,65,0.18174882315691496,0.015625
0,0,0,22,41,44,0.19517665997817976,0.0004000000000000007
0,0,0,22,42,75,0.19324640843512295,0.030625000000000017
0,0,0,22,43,59,0.19517665997817976,0.009024999999999995
0,0,0,22,45,43,0.19519954833639783,0.0002250000000000004
0,0,0,22,44,16,0.3124871252985023,0.0144
0,0,0,22,46,50,0.19324640843512295,0.0025000000000000044
0,0,0,22,47,69,0.19346766256456424,0.021025000000000005
0,0,0,22,49,41,0.1944060852515049,2.5000000000000045e-05
0,0,0,22,48,61,0.19324640843512295,0.011024999999999997
0,0,0,23,0,39,0.197373942367114,2.4999999999998934e-05
0,0,0,23,2,34,0.19444423251520168,0.000899999999999995
0,0,0,23,1,34,0.1944060852515049,0.000899999999999995
0,0,0,23,5,38,0.1991058281389476,0.00010000000000000018
0,0,0,23,7,35,0.19446712087341975,0.0006249999999999956
0,0,0,23,6,20,0.1876082428607396,0.009999999999999995
0,0,0,23,11,56,0.19324640843512295,0.006400000000000012
0,0,0,23,10,55,0.18162675191308528,0.00562500000000001
0,0,0,23,13,39,0.19519954833639783,2.4999999999998934e-05
0,0,0,23,8,43,0.1951690305254404,0.0002250000000000004
0,0,0,23,4,37,0.1952376956000946,0.00022499999999999707
0,0,0,23,12,29,0.17774336046875358,0.003024999999999993
0,0,0,23,18,44,0.195138512714483,0.0004000000000000007
0,0,0,23,16,37,0.19733579510341723,0.00022499999999999707
0,0,0,23,14,34,0.18836355868193574,0.000899999999999995
0,0,0,23,3,39,0.19733579510341723,2.4999999999998934e-05
0,0,0,23,22,53,0.19519954833639783,0.004225000000000007
0,0,0,23,21,45,0.19346766256456424,0.0006250000000000011
0,0,0,23,15,32,0.19542080246583912,0.001599999999999994
0,0,0,23,20,54,0.19444423251520168,0.0049000000000000085
0,0,0,23,24,49,0.19519954833639783,0.002025000000000004
0,0,0,23,19,21,0.20715490077896712,0.009024999999999995
0,0,0,23,29,60,0.18956138276201448,0.010000000000000018
0,0,0,23,9,39,0.19542080246583912,2.4999999999998934e-05
0,0,0,23,27,45,0.1952376956000946,0.0006250000000000011
0,0,0,23,30,24,0.3028434970359576,0.006399999999999993
0,0,0,23,23,80,0.19328455569881972,0.04000000000000003
0,0,0,23,33,37,0.19346766256456424,0.00022499999999999707
0,0,0,23,31,50,0.21006935172540073,0.0025000000000000044
0,0,0,23,36,165,0.05481761793226572,0.390625
0,0,0,23,28,64,0.19151452266328936,0.014400000000000026
0,0,0,23,26,35,0.19444423251520168,0.0006249999999999956
0,0,0,23,32,75,0.1952376956000946,0.030625000000000017
0,0,0,23,39,72,0.19542080246583912,0.02560000000000001
0,0,0,23,35,29,0.19538265520214235,0.003024999999999993
0,0,0,23,25,42,0.197373942367114,0.00010000000000000018
0,0,0,23,37,4,0.3126320849005501,0.03239999999999998
0,0,0,23,43,22,0.1934600331118249,0.008099999999999994
0,0,0,23,34,37,0.19519954833639783,0.00022499999999999707
0,0,0,23,42,41,0.19446712087341975,2.5000000000000045e-05
0,0,0,23,38,28,0.21301432048279176,0.003599999999999993
0,0,0,23,40,42,0.1918807363947784,0.00010000000000000018
0,0,0,23,44,28,0.19322352007690488,0.003599999999999993
0,0,0,23,46,60,0.19519954833639783,0.010000000000000018
0,0,0,23,47,71,0.197373942367114,0.024025000000000008
0,0,0,23,41,53,0.19542080246583912,0.004225000000000007
0,0,0,23,17,48,0.21104592167603817,0.001600000000000003
0,0,0,23,48,29,0.19542080246583912,0.003024999999999993
0,0,0,23,45,37,0.1944060852515049,0.00022499999999999707
0,0,0,23,49,53,0.17979568325564008,0.004225000000000007
0,0,0,24,0,41,0.1949325174905204,2.5000000000000045e-05
0,0,0,24,2,33,0.19444423251520168,0.0012249999999999943
0,0,0,24,1,44,0.195138512714483,0.0004000000000000007
0,0,0,24,5,44,0.19529873122200944,0.0004000000000000007
0,0,0,24,3,57,0.1972747594815024,0.007224999999999994
0,0,0,24,6,36,0.24402041641553052,0.0004000000000000007
0,0,0,24,4,29,0.1991058281389476,0.003024999999999993
0,0,0,24,8,71,0.17774336046875358,0.024025000000000008
0,0,0,24,7,50,0.19617611828703527,0.0025000000000000044
0,0,0,24,9,39,0.21106118058151688,2.4999999999998934e-05
0,0,0,24,10,45,0.19733579510341723,0.0006250000000000011
0,0,0,24,11,77,0.1951690305254404,0.03422500000000002
0,0,0,24,13,55,0.197373942367114,0.00562500000000001
0,0,0,24,12,51,0.19914397540264436,0.0030250000000000055
0,0,0,24,14,54,0.19572598057541332,0.0049000000000000085
0,0,0,24,15,59,0.1991058281389476,0.009024999999999995
0,0,0,24,16,56,0.19178155350916679,0.006400000000000012
0,0,0,24,17,66,0.19519954833639783,0.01690000000000003
0,0,0,24,20,33,0.19444423251520168,0.0012249999999999943
0,0,0,24,21,26,0.20301210794149735,0.004899999999999993
0,0,0,24,22,29,0.19151452266328936,0.003024999999999993
0,0,0,24,23,38,0.1944060852515049,0.00010000000000000018
0,0,0,24,19,29,0.19446712087341975,0.003024999999999993
0,0,0,24,18,52,0.1952376956000946,0.0036000000000000064
0,0,0,24,24,172,0.052620335543331474,0.43560000000000004
0,0,0,24,26,61,0.1952376956000946,0.011024999999999997
0,0,0,24,27,46,0.17981857161385814,0.0009000000000000016
0,0,0,24,25,60,0.1971526882376727,0.010000000000000018
0,0,0,24,28,50,0.17957442912619878,0.0025000000000000044
0,0,0,24,29,33,0.19342951530086747,0.0012249999999999943
0,0,0,24,30,40,0.1991058281389476,0.0
0,0,0,24,32,38,0.19324640843512295,0.00010000000000000018
0,0,0,24,33,35,0.17773573101601423,0.0006249999999999956
0,0,0,24,31,27,0.21104592167603817,0.004224999999999993
0,0,0,24,34,75,0.19321589062416553,0.030625000000000017
0,0,0,24,37,40,0.1944060852515049,0.0
0,0,0,24,36,39,0.19342951530086747,2.4999999999998934e-05
0,0,0,24,35,30,0.19538265520214235,0.0024999999999999935
0,0,0,24,41,45,0.1992050110245592,0.0006250000000000011
0,0,0,24,38,40,0.19733579510341723,0.0
0,0,0,24,39,39,0.197373942367114,2.4999999999998934e-05
0,0,0,24,40,7,0.3047584896735357,0.027224999999999975
0,0,0,24,43,44,0.1952376956000946,0.0004000000000000007
0,0,0,24,45,44,0.19446712087341975,0.0004000000000000007
0,0,0,24,46,46,0.195138512714483,0.0009000000000000016
0,0,0,24,42,46,0.1944060852515049,0.0009000000000000016
0,0,0,24,47,45,0.1948333346049088,0.0006250000000000011
0,0,0,24,48,46,0.1944060852515049,0.0009000000000000016
0,0,0,24,44,27,0.1944594914206804,0.004224999999999993
0,0,0,24,49,55,0.197373942367114,0.00562500000000001
0,0,0,25,0,30,0.21104592167603817,0.0024999999999999935
0,0,0,25,2,34,0.1876082428607396,0.000899999999999995
0,0,0,25,4,50,0.19507747709256815,0.0025000000000000044
0,0,0,25,5,37,0.1944060852515049,0.00022499999999999707
0,0,0,25,7,73,0.1944060852515049,0.027225000000000013
0,0,0,25,8,31,0.19538265520214235,0.002024999999999994
0,0,0,25,1,32,0.20301210794149735,0.001599999999999994
0,0,0,25,10,31,0.20030365221902632,0.002024999999999994
0,0,0,25,11,19,0.244073822584706,0.011024999999999997
0,0,0,25,3,35,0.19471889281381846,0.0006249999999999956
0,0,0,25,9,34,0.19450526813711652,0.000899999999999995
0,0,0,25,6,40,0.1944060852515049,0.0
0,0,0,25,12,24,0.19538265520214235,0.006399999999999993
0,0,0,25,14,43,0.19611508266512043,0.0002250000000000004
0,0,0,25,13,48,0.195138512714483,0.001600000000000003
0,0,0,25,15,44,0.19517665997817976,0.0004000000000000007
0,0,0,25,16,43,0.1992889350046921,0.0002250000000000004
0,0,0,25,17,70,0.17981857161385814,0.022500000000000006
0,0,0,25,19,49,0.19738157181985336,0.002025000000000004
0,0,0,25,18,63,0.1309748151765074,0.013224999999999997
0,0,0,25,21,58,0.19719083550136948,0.008100000000000015
0,0,0,25,22,29,0.1948333346049088,0.003024999999999993
0,0,0,25,20,15,0.24304384646489308,0.015625
0,0,0,25,23,43,0.19519954833639783,0.0002250000000000004
0,0,0,25,24,21,0.1952376956000946,0.009024999999999995
0,0,0,25,25,45,0.1973892012725927,0.0006250000000000011
0,0,0,25,27,21,0.2437686444751318,0.009024999999999995
0,0,0,25,26,47,0.1952376956000946,0.0012250000000000021
0,0,0,25,28,44,0.1952376956000946,0.0004000000000000007
0,0,0,25,29,37,0.19914397540264436,0.00022499999999999707
0,0,0,25,31,31,0.19342951530086747,0.002024999999999994
0,0,0,25,30,36,0.1944060852515049,0.0004000000000000007
0,0,0,25,33,17,0.24425692945045052,0.013224999999999997
0,0,0,25,35,42,0.19517665997817976,0.00010000000000000018
0,0,0,25,37,54,0.1992050110245592,0.0049000000000000085
0,0,0,25,32,27,0.24402041641553052,0.004224999999999993
0,0,0,25,34,52,0.19517665997817976,0.0036000000000000064
0,0,0,25,36,27,0.1991058281389476,0.004224999999999993
0,0,0,25,38,50,0.1952376956000946,0.0025000000000000044
0,0,0,25,40,117,0.16199617001472486,0.148225
0,0,0,25,39,42,0.19324640843512295,0.00010000000000000018
0,0,0,25,42,168,0.06946616719182733,0.4096
0,0,0,25,44,38,0.21106881003425623,0.00010000000000000018
0,0,0,25,43,11,0.30481952529545053,0.021024999999999974
0,0,0,25,45,61,0.19342951530086747,0.011024999999999997
0,0,0,25,46,37,0.19916686376086243,0.00022499999999999707
0,0,0,25,47,41,0.197373942367114,2.5000000000000045e-05
0,0,0,25,48,16,0.2437686444751318,0.0144
0,0,0,25,41,49,0.1944060852515049,0.002025000000000004
0,0,0,25,49,44,0.1949325174905204,0.0004000000000000007
0,0,0,26,0,34,0.1934752920173036,0.000899999999999995
0,0,0,26,2,32,0.19444423251520168,0.001599999999999994
0,0,0,26,1,38,0.1944060852515049,0.00010000000000000018
0,0,0,26,5,37,0.1952376956000946,0.00022499999999999707
0,0,0,26,7,42,0.1810469135048943,0.00010000000000000018
0,0,0,26,6,43,0.1944060852515049,0.0002250000000000004
0,0,0,26,8,79,0.19324640843512295,0.038025000000000024
0,0,0,26,11,29,0.20890967490901877,0.003024999999999993
0,0,0,26,9,52,0.19517665997817976,0.0036000000000000064
0,0,0,26,14,42,0.19621426555073204,0.00010000000000000018
0,0,0,26,12,76,0.19738157181985336,0.03240000000000002
0,0,0,26,16,55,0.19914397540264436,0.00562500000000001
0,0,0,26,13,30,0.1944060852515049,0.0024999999999999935
0,0,0,26,3,58,0.19611508266512043,0.008100000000000015
0,0,0,26,15,24,0.24229616009643629,0.006399999999999993
0,0,0,26,18,27,0.1949325174905204,0.004224999999999993
0,0,0,26,20,65,0.1991058281389476,0.015625
0,0,0,26,4,47,0.19031669858321063,0.0012250000000000021
0,0,0,26,21,30,0.21106881003425623,0.0024999999999999935
0,0,0,26,17,159,0.05656476260957802,0.3540250000000001
0,0,0,26,10,19,0.19914397540264436,0.011024999999999997
0,0,0,26,22,53,0.19438319689328684,0.004225000000000007
0,0,0,26,23,56,0.19855650754171403,0.006400000000000012
0,0,0,26,19,57,0.1954436908240572,0.007224999999999994
0,0,0,26,24,4,0.30866476947608545,0.03239999999999998
0,0,0,26,26,31,0.1992050110245592,0.002024999999999994
0,0,0,26,27,176,0.009834364581028604,0.4624000000000001
0,0,0,26,28,27,0.19914397540264436,0.004224999999999993
0,0,0,26,25,20,0.2459201501476299,0.009999999999999995
0,0,0,26,29,57,0.19548183808775396,0.007224999999999994
0,0,0,26,30,73,0.1972747594815024,0.027225000000000013
0,0,0,26,31,43,0.19517665997817976,0.0002250000000000004
0,0,0,26,32,17,0.30481952529545053,0.013224999999999997
0,0,0,26,33,0,0.8026413165383647,0.03999999999999998
0,0,0,26,34,48,0.1992889350046921,0.001600000000000003
0,0,0,26,35,49,0.1934752920173036,0.002025000000000004
0,0,0,26,36,27,0.19542080246583912,0.004224999999999993
0,0,0,26,37,70,0.1992889350046921,0.022500000000000006
0,0,0,26,38,42,0.19914397540264436,0.00010000000000000018
0,0,0,26,39,57,0.19145348704137452,0.007224999999999994
0,0,0,26,40,38,0.1934752920173036,0.00010000000000000018
0,0,0,26,41,37,0.19471889281381846,0.00022499999999999707
0,0,0,26,42,28,0.21106881003425623,0.003599999999999993
0,0,0,26,43,44,0.1992050110245592,0.0004000000000000007
0,0,0,26,44,43,0.19342951530086747,0.0002250000000000004
0,0,0,26,45,29,0.1952376956000946,0.003024999999999993
0,0,0,26,46,67,0.1934905509227823,0.018225
0,0,0,26,47,37,0.1876082428607396,0.00022499999999999707
0,0,0,26,48,30,0.19517665997817976,0.0024999999999999935
0,0,0,26,49,39,0.19548183808775396,2.4999999999998934e-05
0,0,0,27,0,31,0.19145348704137452,0.002024999999999994
0,0,0,27,2,39,0.1989837568951179,2.4999999999998934e-05
0,0,0,27,4,35,0.17909377360361942,0.0006249999999999956
0,0,0,27,3,22,0.24402804586826987,0.008099999999999994
0,0,0,27,7,38,0.19908293978072952,0.00010000000000000018
0,0,0,27,1,46,0.21784376406680347,0.0009000000000000016
0,0,0,27,6,38,0.1914077103249384,0.00010000000000000018
0,0,0,27,5,44,0.19471889281381846,0.0004000000000000007
0,0,0,27,12,36,0.1944060852515049,0.0004000000000000007
0,0,0,27,14,32,0.1944060852515049,0.001599999999999994
0,0,0,27,10,126,0.1263589962691976,0.18490000000000004
0,0,0,27,17,30,0.1944060852515049,0.0024999999999999935
0,0,0,27,8,45,0.19471889281381846,0.0006250000000000011
0,0,0,27,18,20,0.1954742086350146,0.009999999999999995
0,0,0,27,19,10,0.30461353007148795,0.022499999999999975
0,0,0,27,22,39,0.19519191888365847,2.4999999999998934e-05
0,0,0,27,15,27,0.18027633877821944,0.004224999999999993
0,0,0,27,20,78,0.19444423251520168,0.03610000000000002
0,0,0,27,11,45,0.19519191888365847,0.0006250000000000011
0,0,0,27,16,35,0.19621426555073204,0.0006249999999999956
0,0,0,27,26,54,0.19519954833639783,0.0049000000000000085
0,0,0,27,21,55,0.19444423251520168,0.00562500000000001
0,0,0,27,9,41,0.19841154793966628,2.5000000000000045e-05
0,0,0,27,24,162,0.03892546787618924,0.3721000000000001
0,0,0,27,30,22,0.30481952529545053,0.008099999999999994
0,0,0,27,25,36,0.19914397540264436,0.0004000000000000007
0,0,0,27,23,9,0.30091324549290077,0.024024999999999973
0,0,0,27,29,38,0.1934905509227823,0.00010000000000000018
0,0,0,27,31,37,0.1971526882376727,0.00022499999999999707
0,0,0,27,35,51,0.1810469135048943,0.0030250000000000055
0,0,0,27,34,38,0.1953216195802275,0.00010000000000000018
0,0,0,27,27,38,0.19517665997817976,0.00010000000000000018
0,0,0,27,32,36,0.195375025749403,0.0004000000000000007
0,0,0,27,37,50,0.1988311678403308,0.0025000000000000044
0,0,0,27,33,26,0.21106881003425623,0.004899999999999993
0,0,0,27,42,46,0.1959014579884185,0.0009000000000000016
0,0,0,27,13,33,0.19548183808775396,0.0012249999999999943
0,0,0,27,28,42,0.18761587231347895,0.00010000000000000018
0,0,0,27,41,67,0.1944060852515049,0.018225
0,0,0,27,44,36,0.19342951530086747,0.0004000000000000007
0,0,0,27,45,42,0.19495540584873847,0.00010000000000000018
0,0,0,27,36,11,0.30676503574398606,0.021024999999999974
0,0,0,27,43,37,0.18103928405215494,0.00022499999999999707
0,0,0,27,46,64,0.1952376956000946,0.014400000000000026
0,0,0,27,39,67,0.17961257638989556,0.018225
0,0,0,27,47,50,0.19342951530086747,0.0025000000000000044
0,0,0,27,40,61,0.19392542972892554,0.011024999999999997
0,0,0,27,49,29,0.1944060852515049,0.003024999999999993
0,0,0,27,38,39,0.18934012863257318,2.4999999999998934e-05
0,0,0,27,48,29,0.2110077744123414,0.003024999999999993
0,0,0,28,0,46,0.19617611828703527,0.0009000000000000016
0,0,0,28,2,49,0.21105355112877752,0.002025000000000004
0,0,0,28,4,48,0.19542080246583912,0.001600000000000003
0,0,0,28,6,40,0.19542080246583912,0.0
0,0,0,28,8,49,0.19175866515094872,0.002025000000000004
0,0,0,28,1,59,0.1798262010665975,0.009024999999999995
0,0,0,28,3,52,0.1914077103249384,0.0036000000000000064
0,0,0,28,9,75,0.1989837568951179,0.030625000000000017
0,0,0,28,5,42,0.18156571629117044,0.00010000000000000018
0,0,0,28,10,48,0.20311892027984832,0.001600000000000003
0,0,0,28,7,18,0.21784376406680347,0.012099999999999998
0,0,0,28,11,41,0.19495540584873847,2.5000000000000045e-05
0,0,0,28,13,45,0.19908293978072952,0.0006250000000000011
0,0,0,28,14,94,0.1953216195802275,0.0729
0,0,0,28,17,31,0.19639737241647656,0.002024999999999994
0,0,0,28,18,34,0.19908293978072952,0.000899999999999995
0,0,0,28,16,48,0.19914397540264436,0.001600000000000003
0,0,0,28,20,49,0.18808889838331896,0.002025000000000004
0,0,0,28,15,70,0.18761587231347895,0.022500000000000006
0,0,0,28,21,74,0.17909377360361942,0.028900000000000012
0,0,0,28,19,82,0.19444423251520168,0.044099999999999986
0,0,0,28,12,10,0.3046745656934028,0.022499999999999975
0,0,0,28,23,25,0.1959014579884185,0.005624999999999994
0,0,0,28,22,29,0.195138512714483,0.003024999999999993
0,0,0,28,25,22,0.21265573620404207,0.008099999999999994
0,0,0,28,24,53,0.18933249917983383,0.004225000000000007
0,0,0,28,26,46,0.19896086853689984,0.0009000000000000016
0,0,0,28,27,60,0.19342951530086747,0.010000000000000018
0,0,0,28,29,35,0.1894393115181848,0.0006249999999999956
0,0,0,28,30,13,0.29289469066383866,0.018225
0,0,0,28,32,63,0.19908293978072952,0.013224999999999997
0,0,0,28,28,42,0.1989837568951179,0.00010000000000000018
0,0,0,28,31,27,0.19909056923346888,0.004224999999999993
0,0,0,28,33,36,0.19841154793966628,0.0004000000000000007
0,0,0,28,34,31,0.19908293978072952,0.002024999999999994
0,0,0,28,36,58,0.1992050110245592,0.008100000000000015
0,0,0,28,37,40,0.19548183808775396,0.0
0,0,0,28,38,0,0.8009170602192704,0.03999999999999998
0,0,0,28,40,40,0.1989837568951179,0.0
0,0,0,28,42,60,0.1934905509227823,0.010000000000000018
0,0,0,28,43,0,0.8045257913649854,0.03999999999999998
0,0,0,28,41,33,0.1934905509227823,0.0012249999999999943
0,0,0,28,39,69,0.18690633320871894,0.021025000000000005
0,0,0,28,35,24,0.24229616009643629,0.006399999999999993
0,0,0,28,44,56,0.19499355311243524,0.006400000000000012
0,0,0,28,45,22,0.19519191888365847,0.008099999999999994
0,0,0,28,47,1,0.8016876349459453,0.03802499999999998
0,0,0,28,48,36,0.19524532505283396,0.0004000000000000007
0,0,0,28,49,32,0.1876082428607396,0.001599999999999994
0,0,0,28,46,51,0.19904479251703275,0.0030250000000000055
0,0,0,29,0,35,0.2179429469524151,0.0006249999999999956
0,0,0,29,1,37,0.19841154793966628,0.00022499999999999707
0,0,0,29,3,29,0.19719846495410884,0.003024999999999993
0,0,0,29,5,69,0.21104592167603817,0.021025000000000005
0,0,0,29,7,43,0.1991058281389476,0.0002250000000000004
0,0,0,29,9,27,0.1991058281389476,0.004224999999999993
0,0,0,29,4,0,0.8046783804197725,0.03999999999999998
0,0,0,29,8,40,0.1963592251527798,0.0
0,0,0,29,6,14,0.3124184602238481,0.01689999999999997
0,0,0,29,15,49,0.18763113121895766,0.002025000000000004
0,0,0,29,12,30,0.19841154793966628,0.0024999999999999935
0,0,0,29,17,35,0.1961684888342959,0.0006249999999999956
0,0,0,29,16,54,0.19921264047729856,0.0049000000000000085
0,0,0,29,10,45,0.19914397540264436,0.0006250000000000011
0,0,0,29,13,6,0.30451434718587633,0.028899999999999974
0,0,0,29,14,60,0.1954436908240572,0.010000000000000018
0,0,0,29,2,38,0.1989837568951179,0.00010000000000000018
0,0,0,29,11,22,0.24225038338000016,0.008099999999999994
0,0,0,29,21,73,0.19542080246583912,0.027225000000000013
0,0,0,29,24,42,0.18732595310938346,0.00010000000000000018
0,0,0,29,25,30,0.1983047356013153,0.0024999999999999935
0,0,0,29,19,41,0.195138512714483,2.5000000000000045e-05
0,0,0,29,20,63,0.1876082428607396,0.013224999999999997
0,0,0,29,30,38,0.19542843191857848,0.00010000000000000018
0,0,0,29,26,19,0.23853483989593427,0.011024999999999997
0,0,0,29,22,36,0.19548183808775396,0.0004000000000000007
0,0,0,29,33,40,0.19519191888365847,0.0
0,0,0,29,27,40,0.1952224366946159,0.0
0,0,0,29,23,28,0.20301210794149735,0.003599999999999993
0,0,0,29,28,30,0.195138512714483,0.0024999999999999935
0,0,0,29,31,70,0.19336085022621327,0.022500000000000006
0,0,0,29,37,36,0.19886168565128823,0.0004000000000000007
0,0,0,29,32,36,0.19611508266512043,0.0004000000000000007
0,0,0,29,29,15,0.3106560566410571,0.015625
0,0,0,29,35,60,0.19908293978072952,0.010000000000000018
0,0,0,29,38,45,0.19529873122200944,0.0006250000000000011
0,0,0,29,34,16,0.24231904845465435,0.0144
0,0,0,29,43,41,0.19617611828703527,2.5000000000000045e-05
0,0,0,29,36,21,0.19908293978072952,0.009024999999999995
0,0,0,29,44,57,0.17601147469692,0.007224999999999994
0,0,0,29,40,53,0.19538265520214235,0.004225000000000007
0,0,0,29,39,70,0.19542080246583912,0.022500000000000006
0,0,0,29,45,61,0.19566494495349848,0.011024999999999997
0,0,0,29,18,28,0.20311892027984832,0.003599999999999993
0,0,0,29,48,30,0.19531399012748815,0.0024999999999999935
0,0,0,29,41,17,0.20298921958327928,0.013224999999999997
0,0,0,29,42,21,0.21104592167603817,0.009024999999999995
0,0,0,29,49,45,0.19471889281381846,0.0006250000000000011
0,0,0,29,46,37,0.19495540584873847,0.00022499999999999707
0,0,0,29,47,34,0.19548183808775396,0.000899999999999995
0,0,0,30,0,34,0.195138512714483,0.000899999999999995
0,0,0,30,1,22,0.19897612744237855,0.008099999999999994
0,0,0,30,4,45,0.2029510723195825,0.0006250000000000011
0,0,0,30,7,55,0.19617611828703527,0.00562500000000001
0,0,0,30,2,31,0.19542843191857848,0.002024999999999994
0,0,0,30,5,28,0.19841154793966628,0.003599999999999993
0,0,0,30,9,88,0.19133141579754484,0.0576
0,0,0,30,3,31,0.19885405619854887,0.002024999999999994
0,0,0,30,6,37,0.1952224366946159,0.00022499999999999707
0,0,0,30,8,44,0.19611508266512043,0.0004000000000000007
0,0,0,30,10,55,0.19543606137131783,0.00562500000000001
0,0,0,30,12,44,0.1883025230600209,0.0004000000000000007
0,0,0,30,14,85,0.1788420016632207,0.05062500000000004
0,0,0,30,11,50,0.19627530117264688,0.0025000000000000044
0,0,0,30,15,56,0.1983581417704908,0.006400000000000012
0,0,0,30,13,47,0.19617611828703527,0.0012250000000000021
0,0,0,30,16,41,0.19546657918227525,2.5000000000000045e-05
0,0,0,30,17,22,0.19835051231775144,0.008099999999999994
0,0,0,30,18,35,0.19886168565128823,0.0006249999999999956
0,0,0,30,19,24,0.20253145241891798,0.006399999999999993
0,0,0,30,21,56,0.19519191888365847,0.006400000000000012
0,0,0,30,23,25,0.20311892027984832,0.005624999999999994
0,0,0,30,22,54,0.19519954833639783,0.0049000000000000085
0,0,0,30,20,33,0.19841154793966628,0.0012249999999999943
0,0,0,30,24,32,0.19519954833639783,0.001599999999999994
0,0,0,30,26,42,0.19542080246583912,0.00010000000000000018
0,0,0,30,27,48,0.19519191888365847,0.001600000000000003
0,0,0,30,28,56,0.19175866515094872,0.006400000000000012
0,0,0,30,29,45,0.195138512714483,0.0006250000000000011
0,0,0,30,25,29,0.2179429469524151,0.003024999999999993
0,0,0,30,32,54,0.1963592251527798,0.0049000000000000085
0,0,0,30,31,73,0.19529873122200944,0.027225000000000013
0,0,0,30,30,61,0.19914397540264436,0.011024999999999997
0,0,0,30,33,58,0.19841154793966628,0.008100000000000015
0,0,0,30,36,24,0.23448360049133676,0.006399999999999993
0,0,0,30,34,26,0.1954436908240572,0.004899999999999993
0,0,0,30,37,41,0.21105355112877752,2.5000000000000045e-05
0,0,0,30,35,43,0.1962371539089501,0.0002250000000000004
0,0,0,30,38,43,0.1956267976898017,0.0002250000000000004
0,0,0,30,39,45,0.2013412577915786,0.0006250000000000011
0,0,0,30,40,48,0.19526058395831267,0.001600000000000003
0,0,0,30,41,47,0.1952376956000946,0.0012250000000000021
0,0,0,30,42,47,0.2029510723195825,0.0012250000000000021
0,0,0,30,44,42,0.19450526813711652,0.00010000000000000018
0,0,0,30,46,51,0.19617611828703527,0.0030250000000000055
0,0,0,30,43,48,0.19914397540264436,0.001600000000000003
0,0,0,30,47,50,0.1991210870444263,0.0025000000000000044
0,0,0,30,45,45,0.1955428737096688,0.0006250000000000011
0,0,0,30,48,40,0.19543606137131783,0.0
0,0,0,30,49,44,0.19885405619854887,0.0004000000000000007
0,0,0,31,0,63,0.19539791410762106,0.013224999999999997
0,0,0,31,2,62,0.19548183808775396,0.012100000000000022
0,0,0,31,4,37,0.19762571430751272,0.00022499999999999707
0,0,0,31,7,35,0.19566494495349848,0.0006249999999999956
0,0,0,31,9,31,0.20280611271753476,0.002024999999999994
0,0,0,31,3,34,0.1956267976898017,0.000899999999999995
0,0,0,31,6,22,0.19611508266512043,0.008099999999999994
0,0,0,31,12,49,0.1954589497295359,0.002025000000000004
0,0,0,31,8,50,0.19519954833639783,0.0025000000000000044
0,0,0,31,13,56,0.1952376956000946,0.006400000000000012
0,0,0,31,5,40,0.19519191888365847,0.0
0,0,0,31,15,44,0.21105355112877752,0.0004000000000000007
0,0,0,31,14,47,0.195138512714483,0.0012250000000000021
0,0,0,31,1,17,0.24038879691159754,0.013224999999999997
0,0,0,31,10,39,0.19442134415698362,2.4999999999998934e-05
0,0,0,31,11,41,0.19617611828703527,2.5000000000000045e-05
0,0,0,31,17,37,0.19519954833639783,0.00022499999999999707
0,0,0,31,16,40,0.21857619152978155,0.0
0,0,0,31,18,62,0.19519954833639783,0.012100000000000022
0,0,0,31,21,42,0.19841154793966628,0.00010000000000000018
0,0,0,31,23,12,0.2889426341448528,0.01959999999999997
0,0,0,31,24,38,0.2012573338114457,0.00010000000000000018
0,0,0,31,19,37,0.19886168565128823,0.00022499999999999707
0,0,0,31,22,44,0.1992050110245592,0.0004000000000000007
0,0,0,31,26,34,0.1954589497295359,0.000899999999999995
0,0,0,31,20,60,0.19564205659528042,0.010000000000000018
0,0,0,31,28,48,0.1956267976898017,0.001600000000000003
0,0,0,31,25,56,0.1951537716199617,0.006400000000000012
0,0,0,31,29,28,0.1956267976898017,0.003599999999999993
0,0,0,31,32,23,0.198899832914985,0.007224999999999994
0,0,0,31,34,28,0.2029510723195825,0.003599999999999993
0,0,0,31,37,44,0.19841154793966628,0.0004000000000000007
0,0,0,31,36,46,0.19546657918227525,0.0009000000000000016
0,0,0,31,39,48,0.19841154793966628,0.001600000000000003
0,0,0,31,35,39,0.19123223291193323,2.4999999999998934e-05
0,0,0,31,27,19,0.3014015304682195,0.011024999999999997
0,0,0,31,31,36,0.19712979987945464,0.0004000000000000007
0,0,0,31,41,30,0.21179360804449496,0.0024999999999999935
0,0,0,31,33,20,0.20294344286684315,0.009999999999999995
0,0,0,31,44,36,0.19841154793966628,0.0004000000000000007
0,0,0,31,30,63,0.16392642155778167,0.013224999999999997
0,0,0,31,47,39,0.19597012306307268,2.4999999999998934e-05
0,0,0,31,40,28,0.24202912925055886,0.003599999999999993
0,0,0,31,46,31,0.19542080246583912,0.002024999999999994
0,0,0,31,42,28,0.23448360049133676,0.003599999999999993
0,0,0,31,43,11,0.29705274240678714,0.021024999999999974
0,0,0,31,38,23,0.20305025520519412,0.007224999999999994
0,0,0,31,45,24,0.1944060852515049,0.006399999999999993
0,0,0,31,48,31,0.19611508266512043,0.002024999999999994
0,0,0,31,49,27,0.1952376956000946,0.004224999999999993
0,0,0,32,0,0,0.7893813276773657,0.03999999999999998
0,0,0,32,2,60,0.16317110573658553,0.010000000000000018
0,0,0,32,4,21,0.19711454097397593,0.009024999999999995
0,0,0,32,5,43,0.19436793798780813,0.0002250000000000004
0,0,0,32,3,34,0.19597012306307268,0.000899999999999995
0,0,0,32,6,49,0.1983047356013153,0.002025000000000004
0,0,0,32,1,43,0.21857619152978155,0.0002250000000000004
0,0,0,32,7,22,0.21857619152978155,0.008099999999999994
0,0,0,32,9,62,0.19841154793966628,0.012100000000000022
0,0,0,32,11,37,0.19906005142251146,0.00022499999999999707
0,0,0,32,10,30,0.2184312319277338,0.0024999999999999935
0,0,0,32,8,164,0.05876967445125161,0.3844
0,0,0,32,12,27,0.1961684888342959,0.004224999999999993
0,0,0,32,14,23,0.21105355112877752,0.007224999999999994
0,0,0,32,15,29,0.1954589497295359,0.003024999999999993
0,0,0,32,16,41,0.19938811789030372,2.5000000000000045e-05
0,0,0,32,13,53,0.19124749181741194,0.004225000000000007
0,0,0,32,18,23,0.1956267976898017,0.007224999999999994
0,0,0,32,17,0,0.8048080811163415,0.03999999999999998
0,0,0,32,19,32,0.19542843191857848,0.001599999999999994
0,0,0,32,20,33,0.19841154793966628,0.0012249999999999943
0,0,0,32,21,38,0.1959319757993759,0.00010000000000000018
0,0,0,32,22,53,0.19886168565128823,0.004225000000000007
0,0,0,32,24,30,0.1952376956000946,0.0024999999999999935
0,0,0,32,23,31,0.19442134415698362,0.002024999999999994
0,0,0,32,25,44,0.19703061699384303,0.0004000000000000007
0,0,0,32,26,66,0.1954589497295359,0.01690000000000003
0,0,0,32,27,37,0.2012573338114457,0.00022499999999999707
0,0,0,32,29,7,0.3043693875838286,0.027224999999999975
0,0,0,32,28,55,0.19590908744115784,0.00562500000000001
0,0,0,32,30,23,0.21857619152978155,0.007224999999999994
0,0,0,32,31,42,0.195138512714483,0.00010000000000000018
0,0,0,32,32,27,0.19519191888365847,0.004224999999999993
0,0,0,32,33,32,0.19441371470424426,0.001599999999999994
0,0,0,32,34,0,0.8043732023101983,0.03999999999999998
0,0,0,32,35,48,0.1973892012725927,0.001600000000000003
0,0,0,32,36,39,0.1944060852515049,2.4999999999998934e-05
0,0,0,32,38,33,0.19548183808775396,0.0012249999999999943
0,0,0,32,39,23,0.24203675870329822,0.007224999999999994
0,0,0,32,37,65,0.19761808485477336,0.015625
0,0,0,32,40,53,0.1952376956000946,0.004225000000000007
0,0,0,32,43,37,0.195138512714483,0.00022499999999999707
0,0,0,32,42,55,0.195138512714483,0.00562500000000001
0,0,0,32,41,80,0.18766927848265444,0.04000000000000003
0,0,0,32,45,33,0.19841154793966628,0.0012249999999999943
0,0,0,32,46,10,0.3055748411166467,0.022499999999999975
0,0,0,32,44,21,0.21325083351771176,0.009024999999999995
0,0,0,32,47,52,0.19886168565128823,0.0036000000000000064
0,0,0,32,48,38,0.19442134415698362,0.00010000000000000018
0,0,0,32,49,29,0.1983734006759695,0.003024999999999993
0,0,0,33,0,32,0.19449763868437717,0.001599999999999994
0,0,0,33,2,50,0.19594723470485462,0.0025000000000000044
0,0,0,33,4,51,0.20321047371272058,0.0030250000000000055
0,0,0,33,5,17,0.21784376406680347,0.013224999999999997
0,0,0,33,3,43,0.19934997062660695,0.0002250000000000004
0,0,0,33,1,22,0.24323458278337695,0.008099999999999994
0,0,0,33,6,76,0.19703061699384303,0.03240000000000002
0,0,0,33,7,43,0.21857619152978155,0.0002250000000000004
0,0,0,33,9,21,0.19441371470424426,0.009024999999999995
0,0,0,33,8,57,0.2013259988860999,0.007224999999999994
0,0,0,33,11,62,0.21851515590786671,0.012100000000000022
0,0,0,33,10,52,0.19442134415698362,0.0036000000000000064
0,0,0,33,12,48,0.19434504962959007,0.001600000000000003
0,0,0,33,13,22,0.19703061699384303,0.008099999999999994
0,0,0,33,14,51,0.1952376956000946,0.0030250000000000055
0,0,0,33,15,45,0.1983047356013153,0.0006250000000000011
0,0,0,33,16,50,0.19441371470424426,0.0025000000000000044
0,0,0,33,17,47,0.1944060852515049,0.0012250000000000021
0,0,0,33,19,48,0.195138512714483,0.001600000000000003
0,0,0,33,18,30,0.2184312319277338,0.0024999999999999935
0,0,0,33,20,61,0.19841154793966628,0.011024999999999997
0,0,0,33,21,52,0.19036247529964676,0.0036000000000000064
0,0,0,33,22,42,0.19909056923346888,0.00010000000000000018
0,0,0,33,24,41,0.19519191888365847,2.5000000000000045e-05
0,0,0,33,25,23,0.2110077744123414,0.007224999999999994
0,0,0,33,26,29,0.19523006614735525,0.003024999999999993
0,0,0,33,27,40,0.1943755674405475,0.0
0,0,0,33,23,45,0.19703061699384303,0.0006250000000000011
0,0,0,33,28,54,0.19841154793966628,0.0049000000000000085
0,0,0,33,30,39,0.19450526813711652,2.4999999999998934e-05
0,0,0,33,29,40,0.19352869818647908,0.0
0,0,0,33,31,35,0.17985671887755492,0.0006249999999999956
0,0,0,33,33,42,0.1952376956000946,0.00010000000000000018
0,0,0,33,34,50,0.19439845579876555,0.0025000000000000044
0,0,0,33,32,10,0.24203675870329822,0.022499999999999975
0,0,0,33,35,40,0.1956267976898017,0.0
0,0,0,33,36,29,0.19709165261575787,0.003024999999999993
0,0,0,33,38,27,0.1944060852515049,0.004224999999999993
0,0,0,33,40,17,0.1983047356013153,0.013224999999999997
0,0,0,33,39,39,0.19761808485477336,2.4999999999998934e-05
0,0,0,33,41,40,0.19436793798780813,0.0
0,0,0,33,42,37,0.1951003654507862,0.00022499999999999707
0,0,0,33,43,42,0.19548183808775396,0.00010000000000000018
0,0,0,33,37,40,0.19174340624547,0.0
0,0,0,33,44,40,0.19436793798780813,0.0
0,0,0,33,45,40,0.19939574734304308,0.0
0,0,0,33,46,0,0.8009552074829672,0.03999999999999998
0,0,0,33,49,44,0.19597012306307268,0.0004000000000000007
0,0,0,33,47,22,0.2184312319277338,0.008099999999999994
0,0,0,33,48,43,0.1954589497295359,0.0002250000000000004
0,0,0,34,0,39,0.1943755674405475,2.4999999999998934e-05
0,0,0,34,2,52,0.19519191888365847,0.0036000000000000064
0,0,0,34,1,33,0.1956267976898017,0.0012249999999999943
0,0,0,34,3,14,0.19436793798780813,0.01689999999999997
0,0,0,34,5,46,0.19436793798780813,0.0009000000000000016
0,0,0,34,7,71,0.1983047356013153,0.024025000000000008
0,0,0,34,4,42,0.19841917739240564,0.00010000000000000018
0,0,0,34,6,42,0.19519191888365847,0.00010000000000000018
0,0,0,34,8,42,0.1944060852515049,0.00010000000000000018
0,0,0,34,9,62,0.19519191888365847,0.012100000000000022
0,0,0,34,10,35,0.19516140107270105,0.0006249999999999956
0,0,0,34,11,29,0.19709165261575787,0.003024999999999993
0,0,0,34,12,90,0.1951003654507862,0.0625
0,0,0,34,13,28,0.2434787252710363,0.003599999999999993
0,0,0,34,16,30,0.2029510723195825,0.0024999999999999935
0,0,0,34,14,41,0.19436793798780813,2.5000000000000045e-05
0,0,0,34,15,35,0.1952376956000946,0.0006249999999999956
0,0,0,34,17,55,0.19703061699384303,0.00562500000000001
0,0,0,34,18,40,0.1944594914206804,0.0
0,0,0,34,19,61,0.18048996345492138,0.011024999999999997
0,0,0,34,20,49,0.19436793798780813,0.002025000000000004
0,0,0,34,22,39,0.19348292147004295,2.4999999999998934e-05
0,0,0,34,21,46,0.19527584286379138,0.0009000000000000016
0,0,0,34,23,44,0.1951537716199617,0.0004000000000000007
0,0,0,34,25,16,0.19442134415698362,0.0144
0,0,0,34,26,41,0.1944060852515049,2.5000000000000045e-05
0,0,0,34,24,41,0.198899832914985,2.5000000000000045e-05
0,0,0,34,27,25,0.1952376956000946,0.005624999999999994
0,0,0,34,29,28,0.19446712087341975,0.003599999999999993
0,0,0,34,31,26,0.19625241281442882,0.004899999999999993
0,0,0,34,30,42,0.19300226594746359,0.00010000000000000018
0,0,0,34,28,0,0.8064713018135209,0.03999999999999998
0,0,0,34,32,39,0.19934997062660695,2.4999999999998934e-05
0,0,0,34,33,38,0.19551235589871138,0.00010000000000000018
0,0,0,34,34,31,0.2110077744123414,0.002024999999999994
0,0,0,34,35,47,0.19909056923346888,0.0012250000000000021
0,0,0,34,36,48,0.19436793798780813,0.001600000000000003
0,0,0,34,38,32,0.19548183808775396,0.001599999999999994
0,0,0,34,37,35,0.1951003654507862,0.0006249999999999956
0,0,0,34,39,55,0.18058151688779364,0.00562500000000001
0,0,0,34,40,25,0.20862738515766263,0.005624999999999994
0,0,0,34,41,46,0.1944060852515049,0.0009000000000000016
0,0,0,34,42,44,0.19519191888365847,0.0004000000000000007
0,0,0,34,43,47,0.1952376956000946,0.0012250000000000021
0,0,0,34,44,43,0.19527584286379138,0.0002250000000000004
0,0,0,34,45,47,0.19597012306307268,0.0012250000000000021
0,0,0,34,46,53,0.19174340624547,0.004225000000000007
0,0,0,34,47,29,0.19904479251703275,0.003024999999999993
0,0,0,34,49,57,0.19359736326113328,0.007224999999999994
0,0,0,34,48,49,0.2021042030655141,0.002025000000000004
0,0,0,35,0,40,0.19546657918227525,0.0
0,0,0,35,2,171,0.05483287683774443,0.42902500000000005
0,0,0,35,1,42,0.19436793798780813,0.00010000000000000018
0,0,0,35,6,22,0.19445186196794104,0.008099999999999994
0,0,0,35,4,62,0.19444423251520168,0.012100000000000022
0,0,0,35,8,45,0.19439845579876555,0.0006250000000000011
0,0,0,35,10,56,0.1944060852515049,0.006400000000000012
0,0,0,35,9,57,0.19841917739240564,0.007224999999999994
0,0,0,35,7,58,0.19624478336168946,0.008100000000000015
0,0,0,35,13,42,0.1943755674405475,0.00010000000000000018
0,0,0,35,5,51,0.19709165261575787,0.0030250000000000055
0,0,0,35,12,43,0.2030884024688909,0.0002250000000000004
0,0,0,35,17,60,0.19450526813711652,0.010000000000000018
0,0,0,35,19,41,0.19436793798780813,2.5000000000000045e-05
0,0,0,35,3,32,0.19900664525333597,0.001599999999999994
0,0,0,35,15,0,0.8056320620121918,0.03999999999999998
0,0,0,35,11,36,0.1915602993797255,0.0004000000000000007
0,0,0,35,22,30,0.19914397540264436,0.0024999999999999935
0,0,0,35,18,158,0.051063927184503054,0.3481000000000001
0,0,0,35,14,71,0.1952224366946159,0.024025000000000008
0,0,0,35,16,44,0.19442897360972297,0.0004000000000000007
0,0,0,35,21,56,0.1944060852515049,0.006400000000000012
0,0,0,35,20,39,0.19709165261575787,2.4999999999998934e-05
0,0,0,35,23,34,0.18941642315996673,0.000899999999999995
0,0,0,35,24,62,0.1993423411738676,0.012100000000000022
0,0,0,35,28,76,0.19465022773916427,0.03240000000000002
0,0,0,35,25,172,0.05475658231035088,0.43560000000000004
0,0,0,35,27,16,0.2434787252710363,0.0144
0,0,0,35,29,51,0.19938811789030372,0.0030250000000000055
0,0,0,35,30,36,0.19436793798780813,0.0004000000000000007
0,0,0,35,26,29,0.1944060852515049,0.003024999999999993
0,0,0,35,31,43,0.1945434154008133,0.0002250000000000004
0,0,0,35,34,33,0.1990371630642934,0.0012249999999999943
0,0,0,35,35,82,0.1943755674405475,0.044099999999999986
0,0,0,35,38,27,0.1943755674405475,0.004224999999999993
0,0,0,35,33,46,0.1934905509227823,0.0009000000000000016
0,0,0,35,40,33,0.18834829977645703,0.0012249999999999943
0,0,0,35,42,62,0.20305788465793348,0.012100000000000022
0,0,0,35,44,165,0.05560345156441929,0.390625
0,0,0,35,46,39,0.1944594914206804,2.4999999999998934e-05
0,0,0,35,32,42,0.19109490276262484,0.00010000000000000018
0,0,0,35,37,33,0.19429164346041458,0.0012249999999999943
0,0,0,35,47,54,0.19499355311243524,0.0049000000000000085
0,0,0,35,41,39,0.19518428943091912,2.4999999999998934e-05
0,0,0,35,36,74,0.19436793798780813,0.028900000000000012
0,0,0,35,45,42,0.19445186196794104,0.00010000000000000018
0,0,0,35,43,36,0.19616085938155656,0.0004000000000000007
0,0,0,35,39,44,0.19518428943091912,0.0004000000000000007
0,0,0,35,48,75,0.1946960044556004,0.030625000000000017
0,0,0,35,49,60,0.19446712087341975,0.010000000000000018
0,0,0,36,1,40,0.19518428943091912,0.0
0,0,0,36,3,28,0.1943755674405475,0.003599999999999993
0,0,0,36,5,35,0.19153741102150743,0.0006249999999999956
0,0,0,36,0,41,0.19161370554890098,2.5000000000000045e-05
0,0,0,36,2,43,0.19518428943091912,0.0002250000000000004
0,0,0,36,6,55,0.19709165261575787,0.00562500000000001
0,0,0,36,4,30,0.1906447650510029,0.0024999999999999935
0,0,0,36,7,18,0.24593540905310862,0.012099999999999998
0,0,0,36,8,0,0.7969573742475452,0.03999999999999998
0,0,0,36,10,44,0.19548946754049332,0.0004000000000000007
0,0,0,36,11,40,0.195138512714483,0.0
0,0,0,36,12,75,0.19446712087341975,0.030625000000000017
0,0,0,36,9,38,0.19429164346041458,0.00010000000000000018
0,0,0,36,14,65,0.19478755788847266,0.015625
0,0,0,36,13,48,0.19546657918227525,0.001600000000000003
0,0,0,36,15,28,0.19230798574818228,0.003599999999999993
0,0,0,36,16,20,0.19445186196794104,0.009999999999999995
0,0,0,36,17,10,0.3064674870871512,0.022499999999999975
0,0,0,36,18,35,0.19436793798780813,0.0006249999999999956
0,0,0,36,20,40,0.19439845579876555,0.0
0,0,0,36,19,39,0.19450526813711652,2.4999999999998934e-05
0,0,0,36,22,42,0.20291292505588573,0.00010000000000000018
0,0,0,36,21,38,0.19548946754049332,0.00010000000000000018
0,0,0,36,23,64,0.19442134415698362,0.014400000000000026
0,0,0,36,24,58,0.1883559292291964,0.008100000000000015
0,0,0,36,26,52,0.1944060852515049,0.0036000000000000064
0,0,0,36,28,42,0.19429164346041458,0.00010000000000000018
0,0,0,36,25,48,0.19625241281442882,0.001600000000000003
0,0,0,36,29,74,0.1950011825651746,0.028900000000000012
0,0,0,36,31,48,0.1944060852515049,0.001600000000000003
0,0,0,36,30,0,0.8064865607189996,0.03999999999999998
0,0,0,36,27,0,0.8055328791265802,0.03999999999999998
0,0,0,36,32,47,0.19436793798780813,0.0012250000000000021
0,0,0,36,35,40,0.19518428943091912,0.0
0,0,0,36,36,41,0.196321077889083,2.5000000000000045e-05
0,0,0,36,33,37,0.19436793798780813,0.00022499999999999707
0,0,0,36,34,51,0.1943755674405475,0.0030250000000000055
0,0,0,36,37,51,0.19436793798780813,0.0030250000000000055
0,0,0,36,38,40,0.19518428943091912,0.0
0,0,0,36,40,59,0.19551998535145074,0.009024999999999995
0,0,0,36,39,39,0.1944594914206804,2.4999999999998934e-05
0,0,0,36,42,52,0.1995254480396121,0.0036000000000000064
0,0,0,36,41,50,0.1943755674405475,0.0025000000000000044
0,0,0,36,44,31,0.23628415133782454,0.002024999999999994
0,0,0,36,45,7,0.21179360804449496,0.027224999999999975
0,0,0,36,46,42,0.1922545795790068,0.00010000000000000018
0,0,0,36,47,45,0.19918212266634114,0.0006250000000000011
0,0,0,36,48,40,0.19155266992698614,0.0
0,0,0,36,43,158,0.054527698728170225,0.3481000000000001
0,0,0,36,49,37,0.1917128884345126,0.00022499999999999707
0,0,0,37,0,25,0.19438319689328684,0.005624999999999994
0,0,0,37,2,73,0.20235597500591282,0.027225000000000013
0,0,0,37,4,53,0.19646603749113076,0.004225000000000007
0,0,0,37,7,28,0.19518428943091912,0.003599999999999993
0,0,0,37,6,49,0.19153741102150743,0.002025000000000004
0,0,0,37,9,52,0.18770742574635121,0.0036000000000000064
0,0,0,37,3,22,0.24596592686406604,0.008099999999999994
0,0,0,37,12,64,0.19152978156876807,0.014400000000000026
0,0,0,37,10,45,0.18860007171685575,0.0006250000000000011
0,0,0,37,14,92,0.19429164346041458,0.06760000000000001
0,0,0,37,16,55,0.19436793798780813,0.00562500000000001
0,0,0,37,11,13,0.3057045418132157,0.018225
0,0,0,37,8,29,0.196321077889083,0.003024999999999993
0,0,0,37,15,31,0.19234613301187906,0.002024999999999994
0,0,0,37,13,30,0.19152978156876807,0.0024999999999999935
0,0,0,37,5,48,0.19527584286379138,0.001600000000000003
0,0,0,37,18,34,0.19518428943091912,0.000899999999999995
0,0,0,37,17,27,0.19429164346041458,0.004224999999999993
0,0,0,37,1,49,0.19543606137131783,0.002025000000000004
0,0,0,37,20,49,0.19513088326174363,0.002025000000000004
0,0,0,37,21,42,0.1943755674405475,0.00010000000000000018
0,0,0,37,22,60,0.19558865042610493,0.010000000000000018
0,0,0,37,23,52,0.19518428943091912,0.0036000000000000064
0,0,0,37,19,38,0.19436793798780813,0.00010000000000000018
0,0,0,37,24,66,0.19610745321238107,0.01690000000000003
0,0,0,37,25,41,0.1951537716199617,2.5000000000000045e-05
0,0,0,37,26,47,0.19513088326174363,0.0012250000000000021
0,0,0,37,27,30,0.19147637539959259,0.0024999999999999935
0,0,0,37,28,49,0.19448237977889846,0.002025000000000004
0,0,0,37,29,54,0.19534450793844557,0.0049000000000000085
0,0,0,37,30,34,0.1982742177903579,0.000899999999999995
0,0,0,37,32,10,0.3054909171365138,0.022499999999999975
0,0,0,37,31,49,0.19214013778791647,0.002025000000000004
0,0,0,37,33,49,0.19451289758985588,0.002025000000000004
0,0,0,37,34,40,0.19548183808775396,0.0
0,0,0,37,35,74,0.19514614216722234,0.028900000000000012
0,0,0,37,37,21,0.2423953429820479,0.009024999999999995
0,0,0,37,38,54,0.19448237977889846,0.0049000000000000085
0,0,0,37,36,37,0.19429164346041458,0.00022499999999999707
0,0,0,37,39,39,0.19450526813711652,2.4999999999998934e-05
0,0,0,37,41,38,0.19439845579876555,0.00010000000000000018
0,0,0,37,42,12,0.305216256837897,0.01959999999999997
0,0,0,37,40,52,0.19695432246644948,0.0036000000000000064
0,0,0,37,44,50,0.19709165261575787,0.0025000000000000044
0,0,0,37,45,61,0.19548183808775396,0.011024999999999997
0,0,0,37,46,52,0.19429164346041458,0.0036000000000000064
0,0,0,37,43,31,0.19518428943091912,0.002024999999999994
0,0,0,37,47,31,0.19244531589749067,0.002024999999999994
0,0,0,37,48,28,0.19436793798780813,0.003599999999999993
0,0,0,37,49,35,0.195138512714483,0.0006249999999999956
0,0,0,38,0,59,0.19527584286379138,0.009024999999999995
0,0,0,38,1,43,0.1943755674405475,0.0002250000000000004
0,0,0,38,3,72,0.1778578022598439,0.02560000000000001
0,0,0,38,5,43,0.1915755582852042,0.0002250000000000004
0,0,0,38,2,27,0.19439845579876555,0.004224999999999993
0,0,0,38,4,98,0.19446712087341975,0.08410000000000002
0,0,0,38,9,30,0.19518428943091912,0.0024999999999999935
0,0,0,38,8,50,0.19339899748991005,0.0025000000000000044
0,0,0,38,6,45,0.2029510723195825,0.0006250000000000011
0,0,0,38,13,60,0.19518428943091912,0.010000000000000018
0,0,0,38,11,35,0.19436793798780813,0.0006249999999999956
0,0,0,38,14,42,0.1943908263460262,0.00010000000000000018
0,0,0,38,17,14,0.3056206178330828,0.01689999999999997
0,0,0,38,12,36,0.19429164346041458,0.0004000000000000007
0,0,0,38,16,33,0.19548183808775396,0.0012249999999999943
0,0,0,38,19,43,0.1982742177903579,0.0002250000000000004
0,0,0,38,22,64,0.19222406176804938,0.014400000000000026
0,0,0,38,10,28,0.19548183808775396,0.003599999999999993
0,0,0,38,18,38,0.19436793798780813,0.00010000000000000018
0,0,0,38,21,59,0.19518428943091912,0.009024999999999995
0,0,0,38,7,178,0.05157510051803984,0.4761000000000001
0,0,0,38,15,21,0.19527584286379138,0.009024999999999995
0,0,0,38,28,13,0.24201387034508015,0.018225
0,0,0,38,23,62,0.1943755674405475,0.012100000000000022
0,0,0,38,27,0,0.8056320620121918,0.03999999999999998
0,0,0,38,20,31,0.1941543133111062,0.002024999999999994
0,0,0,38,33,23,0.24295229303202082,0.007224999999999994
0,0,0,38,25,37,0.1920180665440868,0.00022499999999999707
0,0,0,38,30,29,0.19603878813772688,0.003024999999999993
0,0,0,38,34,58,0.1943755674405475,0.008100000000000015
0,0,0,38,35,38,0.19513088326174363,0.00010000000000000018
0,0,0,38,32,45,0.19527584286379138,0.0006250000000000011
0,0,0,38,26,43,0.195138512714483,0.0002250000000000004
0,0,0,38,37,19,0.24236482517109048,0.011024999999999997
0,0,0,38,39,0,0.8048538578327776,0.03999999999999998
0,0,0,38,24,54,0.19451289758985588,0.0049000000000000085
0,0,0,38,31,144,0.05549663922606832,0.27040000000000003
0,0,0,38,38,62,0.19214013778791647,0.012100000000000022
0,0,0,38,40,55,0.1922545795790068,0.00562500000000001
0,0,0,38,29,45,0.19546657918227525,0.0006250000000000011
0,0,0,38,43,36,0.19450526813711652,0.0004000000000000007
0,0,0,38,42,24,0.19829710614857596,0.006399999999999993
0,0,0,38,45,33,0.1924224275392726,0.0012249999999999943
0,0,0,38,47,16,0.3123040184327578,0.0144
0,0,0,38,36,32,0.19527584286379138,0.001599999999999994
0,0,0,38,41,17,0.30486530201188666,0.013224999999999997
0,0,0,38,46,61,0.1915602993797255,0.011024999999999997
0,0,0,38,48,29,0.1951537716199617,0.003024999999999993
0,0,0,38,49,11,0.3056587650967796,0.021024999999999974
0,0,0,38,44,61,0.19431453181863265,0.011024999999999997
0,0,0,39,0,29,0.1951537716199617,0.003024999999999993
0,0,0,39,2,46,0.19603878813772688,0.0009000000000000016
0,0,0,39,4,173,0.05567974609181284,0.44222500000000003
0,0,0,39,3,51,0.19223169122078873,0.0030250000000000055
0,0,0,39,7,31,0.2423953429820479,0.002024999999999994
0,0,0,39,9,52,0.18354174455066338,0.0036000000000000064
0,0,0,39,6,43,0.19438319689328684,0.0002250000000000004
0,0,0,39,12,45,0.1920180665440868,0.0006250000000000011
0,0,0,39,14,34,0.1943755674405475,0.000899999999999995
0,0,0,39,1,43,0.1951537716199617,0.0002250000000000004
0,0,0,39,11,45,0.19436793798780813,0.0006250000000000011
0,0,0,39,10,36,0.21381541302042403,0.0004000000000000007
0,0,0,39,13,0,0.6912131592800849,0.03999999999999998
0,0,0,39,5,23,0.24535557064491764,0.007224999999999994
0,0,0,39,8,49,0.19450526813711652,0.002025000000000004
0,0,0,39,16,44,0.20999305719800718,0.0004000000000000007
0,0,0,39,22,58,0.1922545795790068,0.008100000000000015
0,0,0,39,17,46,0.19429927291315394,0.0009000000000000016
0,0,0,39,25,37,0.19546657918227525,0.00022499999999999707
0,0,0,39,21,31,0.19513088326174363,0.002024999999999994
0,0,0,39,15,54,0.19429164346041458,0.0049000000000000085
0,0,0,39,18,184,0.055618710469898,0.5184000000000001
0,0,0,39,24,46,0.1943755674405475,0.0009000000000000016
0,0,0,39,23,46,0.18062729360422977,0.0009000000000000016
0,0,0,39,19,38,0.19527584286379138,0.00010000000000000018
0,0,0,39,28,0,0.8045105324595067,0.03999999999999998
0,0,0,39,26,146,0.19624478336168946,0.28090000000000004
0,0,0,39,27,59,0.19904479251703275,0.009024999999999995
0,0,0,39,30,45,0.195138512714483,0.0006250000000000011
0,0,0,39,20,36,0.19451289758985588,0.0004000000000000007
0,0,0,39,29,31,0.19527584286379138,0.002024999999999994
0,0,0,39,31,39,0.19451289758985588,2.4999999999998934e-05
0,0,0,39,32,45,0.19610745321238107,0.0006250000000000011
0,0,0,39,33,34,0.19528347231653073,0.000899999999999995
0,0,0,39,34,59,0.19439845579876555,0.009024999999999995
0,0,0,39,36,34,0.195138512714483,0.000899999999999995
0,0,0,39,37,34,0.195138512714483,0.000899999999999995
0,0,0,39,39,40,0.19453578594807394,0.0
0,0,0,39,40,45,0.19446712087341975,0.0006250000000000011
0,0,0,39,38,44,0.19436793798780813,0.0004000000000000007
0,0,0,39,42,57,0.19828184724309725,0.007224999999999994
0,0,0,39,41,49,0.1951537716199617,0.002025000000000004
0,0,0,39,35,31,0.195138512714483,0.002024999999999994
0,0,0,39,43,29,0.1982742177903579,0.003024999999999993
0,0,0,39,44,43,0.19339899748991005,0.0002250000000000004
0,0,0,39,45,163,0.05486339464870185,0.378225
0,0,0,39,47,30,0.1922545795790068,0.0024999999999999935
0,0,0,39,48,74,0.1985946548054108,0.028900000000000012
0,0,0,39,46,40,0.19352869818647908,0.0
0,0,0,39,49,31,0.19513088326174363,0.002024999999999994
0,0,0,40,0,35,0.19438319689328684,0.0006249999999999956
0,0,0,40,2,52,0.19243005699201196,0.0036000000000000064
0,0,0,40,1,22,0.19353632763921844,0.008099999999999994
0,0,0,40,5,20,0.19528347231653073,0.009999999999999995
0,0,0,40,7,35,0.19450526813711652,0.0006249999999999956
0,0,0,40,9,47,0.19442134415698362,0.0012250000000000021
0,0,0,40,3,34,0.1951537716199617,0.000899999999999995
0,0,0,40,4,9,0.30398791494686084,0.024024999999999973
0,0,0,40,6,47,0.1933913680371707,0.0012250000000000021
0,0,0,40,8,50,0.18059677579327235,0.0025000000000000044
0,0,0,40,10,32,0.1944900092316378,0.001599999999999994
0,0,0,40,11,32,0.19513088326174363,0.001599999999999994
0,0,0,40,12,48,0.19599301142129075,0.001600000000000003
0,0,0,40,13,42,0.19546657918227525,0.00010000000000000018
0,0,0,40,14,31,0.19451289758985588,0.002024999999999994
0,0,0,40,15,53,0.1944900092316378,0.004225000000000007
0,0,0,40,16,34,0.21187753202462786,0.000899999999999995
0,0,0,40,17,26,0.19513088326174363,0.004899999999999993
0,0,0,40,18,52,0.19234613301187906,0.0036000000000000064
0,0,0,40,20,29,0.195138512714483,0.003024999999999993
0,0,0,40,19,28,0.21106881003425623,0.003599999999999993
0,0,0,40,21,54,0.19223169122078873,0.0049000000000000085
0,0,0,40,22,24,0.19611508266512043,0.006399999999999993
0,0,0,40,23,35,0.1934905509227823,0.0006249999999999956
0,0,0,40,24,32,0.19603115868498752,0.001599999999999994
0,0,0,40,25,49,0.16421634076187716,0.002025000000000004
0,0,0,40,26,43,0.19603115868498752,0.0002250000000000004
0,0,0,40,27,23,0.21096962714864462,0.007224999999999994
0,0,0,40,28,45,0.19513088326174363,0.0006250000000000011
0,0,0,40,29,39,0.1943374201768507,2.4999999999998934e-05
0,0,0,40,30,51,0.18829489360728155,0.0030250000000000055
0,0,0,40,31,153,0.05548900977332896,0.3192250000000001
0,0,0,40,32,48,0.19513088326174363,0.001600000000000003
0,0,0,40,33,39,0.19513088326174363,2.4999999999998934e-05
0,0,0,40,34,51,0.1951003654507862,0.0030250000000000055
0,0,0,40,35,41,0.1943908263460262,2.5000000000000045e-05
0,0,0,40,36,36,0.19610745321238107,0.0004000000000000007
0,0,0,40,37,47,0.21106118058151688,0.0012250000000000021
0,0,0,40,38,37,0.19339899748991005,0.00022499999999999707
0,0,0,40,39,22,0.19533687848570622,0.008099999999999994
0,0,0,40,40,36,0.2100083161034859,0.0004000000000000007
0,0,0,40,41,40,0.19548183808775396,0.0
0,0,0,40,42,36,0.19436793798780813,0.0004000000000000007
0,0,0,40,43,71,0.19516140107270105,0.024025000000000008
0,0,0,40,44,24,0.19352869818647908,0.006399999999999993
0,0,0,40,45,53,0.19349818037552166,0.004225000000000007
0,0,0,40,46,63,0.18062729360422977,0.013224999999999997
0,0,0,40,47,45,0.19353632763921844,0.0006250000000000011
0,0,0,40,48,93,0.19450526813711652,0.07022500000000007
0,0,0,40,49,40,0.19513088326174363,0.0
0,0,0,41,0,41,0.19517665997817976,2.5000000000000045e-05
0,0,0,41,3,47,0.19442134415698362,0.0012250000000000021
0,0,0,41,5,18,0.19451289758985588,0.012099999999999998
0,0,0,41,2,29,0.1943908263460262,0.003024999999999993
0,0,0,41,1,47,0.1952529545055733,0.0012250000000000021
0,0,0,41,4,21,0.19603115868498752,0.009024999999999995
0,0,0,41,6,40,0.2110916983924743,0.0
0,0,0,41,8,47,0.19513088326174363,0.0012250000000000021
0,0,0,41,7,50,0.1960158997795088,0.0025000000000000044
0,0,0,41,9,59,0.19429927291315394,0.009024999999999995
0,0,0,41,10,59,0.1951537716199617,0.009024999999999995
0,0,0,41,11,35,0.1933913680371707,0.0006249999999999956
0,0,0,41,12,36,0.17879622494678457,0.0004000000000000007
0,0,0,41,13,38,0.21276254854239304,0.00010000000000000018
0,0,0,41,15,37,0.19353632763921844,0.00022499999999999707
0,0,0,41,14,31,0.19436793798780813,0.002024999999999994
0,0,0,41,16,54,0.19438319689328684,0.0049000000000000085
0,0,0,41,17,0,0.6960426028640966,0.03999999999999998
0,0,0,41,18,26,0.1933913680371707,0.004899999999999993
0,0,0,41,19,58,0.19436793798780813,0.008100000000000015
0,0,0,41,20,48,0.19564205659528042,0.001600000000000003
0,0,0,41,21,178,0.039596859717252485,0.4761000000000001
0,0,0,41,22,34,0.1933913680371707,0.000899999999999995
0,0,0,41,23,27,0.21106881003425623,0.004224999999999993
0,0,0,41,24,68,0.19597775251581204,0.019600000000000034
0,0,0,41,25,53,0.1959853819685514,0.004225000000000007
0,0,0,41,26,41,0.1935592159974365,2.5000000000000045e-05
0,0,0,41,27,46,0.21187753202462786,0.0009000000000000016
0,0,0,41,28,57,0.16421634076187716,0.007224999999999994
0,0,0,41,29,49,0.1934905509227823,0.002025000000000004
0,0,0,41,30,35,0.1943374201768507,0.0006249999999999956
0,0,0,41,32,161,0.054512439822691515,0.3660250000000001
0,0,0,41,31,32,0.1954436908240572,0.001599999999999994
0,0,0,41,34,0,0.8047241571362086,0.03999999999999998
0,0,0,41,35,43,0.1944594914206804,0.0002250000000000004
0,0,0,41,36,39,0.1944900092316378,2.4999999999998934e-05
0,0,0,41,37,36,0.19450526813711652,0.0004000000000000007
0,0,0,41,33,49,0.1944900092316378,0.002025000000000004
0,0,0,41,38,70,0.1934905509227823,0.022500000000000006
0,0,0,41,40,25,0.19712979987945464,0.005624999999999994
0,0,0,41,39,32,0.19610745321238107,0.001599999999999994
0,0,0,41,41,35,0.1943374201768507,0.0006249999999999956
0,0,0,41,43,23,0.1943908263460262,0.007224999999999994
0,0,0,41,42,54,0.19434504962959007,0.0049000000000000085
0,0,0,41,44,39,0.21190804983558528,2.4999999999998934e-05
0,0,0,41,45,15,0.30400317385233955,0.015625
0,0,0,41,46,35,0.2100083161034859,0.0006249999999999956
0,0,0,41,47,47,0.19511562435626492,0.0012250000000000021
0,0,0,41,48,37,0.19436793798780813,0.00022499999999999707
0,0,0,41,49,41,0.19507747709256815,2.5000000000000045e-05
0,0,0,42,0,32,0.1805738874350543,0.001599999999999994
0,0,0,42,3,55,0.19527584286379138,0.00562500000000001
0,0,0,42,4,71,0.1952529545055733,0.024025000000000008
0,0,0,42,6,35,0.19545132027679654,0.0006249999999999956
0,0,0,42,5,31,0.2110916983924743,0.002024999999999994
0,0,0,42,10,36,0.17871230096665167,0.0004000000000000007
0,0,0,42,1,34,0.19446712087341975,0.000899999999999995
0,0,0,42,11,25,0.1933913680371707,0.005624999999999994
0,0,0,42,14,58,0.1943374201768507,0.008100000000000015
0,0,0,42,2,49,0.1954589497295359,0.002025000000000004
0,0,0,42,13,50,0.1933913680371707,0.0025000000000000044
0,0,0,42,7,56,0.19352106873373973,0.006400000000000012
0,0,0,42,12,0,0.7880919501644147,0.03999999999999998
0,0,0,42,8,56,0.17879622494678457,0.006400000000000012
0,0,0,42,15,63,0.1954589497295359,0.013224999999999997
0,0,0,42,17,67,0.19436793798780813,0.018225
0,0,0,42,16,65,0.19417720166932426,0.015625
0,0,0,42,18,151,0.06225633435313685,0.30802500000000005
0,0,0,42,19,36,0.19466548664464298,0.0004000000000000007
0,0,0,42,21,56,0.21190804983558528,0.006400000000000012
0,0,0,42,22,36,0.19517665997817976,0.0004000000000000007
0,0,0,42,9,58,0.19517665997817976,0.008100000000000015
0,0,0,42,23,48,0.1943374201768507,0.001600000000000003
0,0,0,42,26,44,0.1952224366946159,0.0004000000000000007
0,0,0,42,24,41,0.19444423251520168,2.5000000000000045e-05
0,0,0,42,20,49,0.1935592159974365,0.002025000000000004
0,0,0,42,25,61,0.1944900092316378,0.011024999999999997
0,0,0,42,28,63,0.19413905440562748,0.013224999999999997
0,0,0,42,29,105,0.1944594914206804,0.10562500000000004
0,0,0,42,27,41,0.19526058395831267,2.5000000000000045e-05
0,0,0,42,30,31,0.1943374201768507,0.002024999999999994
0,0,0,42,32,72,0.19432979072411136,0.02560000000000001
0,0,0,42,34,58,0.17879622494678457,0.008100000000000015
0,0,0,42,33,41,0.1943908263460262,2.5000000000000045e-05
0,0,0,42,35,45,0.19442134415698362,0.0006250000000000011
0,0,0,42,31,35,0.1954436908240572,0.0006249999999999956
0,0,0,42,36,58,0.1944900092316378,0.008100000000000015
0,0,0,42,38,45,0.1944594914206804,0.0006250000000000011
0,0,0,42,39,0,0.7861311808104005,0.03999999999999998
0,0,0,42,40,34,0.1956267976898017,0.000899999999999995
0,0,0,42,41,60,0.1944900092316378,0.010000000000000018
0,0,0,42,37,38,0.21001594555622524,0.00010000000000000018
0,0,0,42,42,48,0.19351343928100037,0.001600000000000003
0,0,0,42,44,25,0.1960693059486843,0.005624999999999994
0,0,0,42,45,52,0.1943374201768507,0.0036000000000000064
0,0,0,42,43,34,0.19526058395831267,0.000899999999999995
0,0,0,42,46,50,0.19517665997817976,0.0025000000000000044
0,0,0,42,48,8,0.2882407244928321,0.025599999999999973
0,0,0,42,49,57,0.1951537716199617,0.007224999999999994
0,0,0,42,47,29,0.19613034157059914,0.003024999999999993
0,0,0,43,0,42,0.21001594555622524,0.00010000000000000018
0,0,0,43,2,55,0.17879622494678457,0.00562500000000001
0,0,0,43,4,33,0.1954436908240572,0.0012249999999999943
0,0,0,43,6,31,0.19622952445621075,0.002024999999999994
0,0,0,43,5,50,0.19449763868437717,0.0025000000000000044
0,0,0,43,9,42,0.17902510852896522,0.00010000000000000018
0,0,0,43,7,19,0.24305147591763243,0.011024999999999997
0,0,0,43,8,38,0.1943374201768507,0.00010000000000000018
0,0,0,43,1,43,0.1943908263460262,0.0002250000000000004
0,0,0,43,3,78,0.19499355311243524,0.03610000000000002
0,0,0,43,11,22,0.19526058395831267,0.008099999999999994
0,0,0,43,12,51,0.19451289758985588,0.0030250000000000055
0,0,0,43,13,35,0.19622952445621075,0.0006249999999999956
0,0,0,43,15,26,0.19526058395831267,0.004899999999999993
0,0,0,43,17,38,0.1954589497295359,0.00010000000000000018
0,0,0,43,19,51,0.19442134415698362,0.0030250000000000055
0,0,0,43,20,53,0.19514614216722234,0.004225000000000007
0,0,0,43,18,20,0.1943374201768507,0.009999999999999995
0,0,0,43,10,38,0.1943374201768507,0.00010000000000000018
0,0,0,43,16,26,0.19436793798780813,0.004899999999999993
0,0,0,43,14,42,0.19444423251520168,0.00010000000000000018
0,0,0,43,21,38,0.19445186196794104,0.00010000000000000018
0,0,0,43,23,49,0.179772794897422,0.002025000000000004
0,0,0,43,22,76,0.19445186196794104,0.03240000000000002
0,0,0,43,24,37,0.19526821341105202,0.00022499999999999707
0,0,0,43,25,29,0.20999305719800718,0.003024999999999993
0,0,0,43,27,49,0.1806578114151872,0.002025000000000004
0,0,0,43,26,63,0.1943374201768507,0.013224999999999997
0,0,0,43,28,25,0.1954436908240572,0.005624999999999994
0,0,0,43,29,62,0.1944747503261591,0.012100000000000022
0,0,0,43,30,46,0.19348292147004295,0.0009000000000000016
0,0,0,43,32,43,0.19517665997817976,0.0002250000000000004
0,0,0,43,33,32,0.21001594555622524,0.001599999999999994
0,0,0,43,31,39,0.1951690305254404,2.4999999999998934e-05
0,0,0,43,34,51,0.19531399012748815,0.0030250000000000055
0,0,0,43,36,26,0.19442134415698362,0.004899999999999993
0,0,0,43,37,33,0.19442134415698362,0.0012249999999999943
0,0,0,43,35,65,0.17871230096665167,0.015625
0,0,0,43,39,32,0.19517665997817976,0.001599999999999994
0,0,0,43,38,33,0.21019905242196976,0.0012249999999999943
0,0,0,43,40,53,0.19144585758863517,0.004225000000000007
0,0,0,43,41,46,0.19445186196794104,0.0009000000000000016
0,0,0,43,42,24,0.21190804983558528,0.006399999999999993
0,0,0,43,43,56,0.1944594914206804,0.006400000000000012
0,0,0,43,44,41,0.1943374201768507,2.5000000000000045e-05
0,0,0,43,45,51,0.19595486415759397,0.0030250000000000055
0,0,0,43,46,62,0.1962066360979927,0.012100000000000022
0,0,0,43,48,45,0.19628293062538624,0.0006250000000000011
0,0,0,43,47,162,0.05547375086785025,0.3721000000000001
0,0,0,43,49,49,0.19527584286379138,0.002025000000000004
0,0,0,44,0,26,0.20997779829252847,0.004899999999999993
0,0,0,44,2,56,0.1951690305254404,0.006400000000000012
0,0,0,44,4,88,0.19455104485355265,0.0576
0,0,0,44,6,59,0.19622952445621075,0.009024999999999995
0,0,0,44,5,32,0.20998542774526782,0.001599999999999994
0,0,0,44,3,37,0.19442134415698362,0.00022499999999999707
0,0,0,44,1,59,0.1943374201768507,0.009024999999999995
0,0,0,44,7,60,0.1943374201768507,0.010000000000000018
0,0,0,44,8,53,0.1953063606747488,0.004225000000000007
0,0,0,44,9,186,0.040069885787092495,0.5329000000000002
0,0,0,44,11,49,0.17926162156388523,0.002025000000000004
0,0,0,44,10,26,0.20990150376513492,0.004899999999999993
0,0,0,44,12,163,0.053718976737798595,0.378225
0,0,0,44,13,66,0.19442134415698362,0.01690000000000003
0,0,0,44,15,48,0.1956802038589772,0.001600000000000003
0,0,0,44,16,47,0.19438319689328684,0.0012250000000000021
0,0,0,44,14,72,0.1944594914206804,0.02560000000000001
0,0,0,44,17,45,0.19234613301187906,0.0006250000000000011
0,0,0,44,19,56,0.19548946754049332,0.006400000000000012
0,0,0,44,20,28,0.19619900664525333,0.003599999999999993
0,0,0,44,21,24,0.1946960044556004,0.006399999999999993
0,0,0,44,18,32,0.19622952445621075,0.001599999999999994
0,0,0,44,22,14,0.19436793798780813,0.01689999999999997
0,0,0,44,23,24,0.21007698117814008,0.006399999999999993
0,0,0,44,25,38,0.19513088326174363,0.00010000000000000018
0,0,0,44,24,35,0.21001594555622524,0.0006249999999999956
0,0,0,44,26,165,0.05554241594250445,0.390625
0,0,0,44,27,60,0.1961684888342959,0.010000000000000018
0,0,0,44,29,20,0.1943755674405475,0.009999999999999995
0,0,0,44,30,23,0.1943908263460262,0.007224999999999994
0,0,0,44,31,23,0.2108017791883788,0.007224999999999994
0,0,0,44,32,18,0.19442134415698362,0.012099999999999998
0,0,0,44,34,42,0.19516140107270105,0.00010000000000000018
0,0,0,44,28,38,0.19445186196794104,0.00010000000000000018
0,0,0,44,35,49,0.20999305719800718,0.002025000000000004
0,0,0,44,36,45,0.1962066360979927,0.0006250000000000011
0,0,0,44,37,51,0.21075600247194268,0.0030250000000000055
0,0,0,44,33,55,0.19628293062538624,0.00562500000000001
0,0,0,44,38,43,0.20996253938704976,0.0002250000000000004
0,0,0,44,40,38,0.1943374201768507,0.00010000000000000018
0,0,0,44,41,42,0.2107865202829001,0.00010000000000000018
0,0,0,44,39,52,0.19353632763921844,0.0036000000000000064
0,0,0,44,42,35,0.1943374201768507,0.0006249999999999956
0,0,0,44,43,28,0.1943908263460262,0.003599999999999993
0,0,0,44,44,32,0.19435267908232942,0.001599999999999994
0,0,0,44,46,24,0.1943908263460262,0.006399999999999993
0,0,0,44,45,22,0.3056587650967796,0.008099999999999994
0,0,0,44,47,63,0.1787733365885665,0.013224999999999997
0,0,0,44,49,29,0.19622952445621075,0.003024999999999993
0,0,0,44,48,42,0.19457393321177072,0.00010000000000000018
0,0,0,45,0,36,0.18832541141823897,0.0004000000000000007
0,0,0,45,2,32,0.19628293062538624,0.001599999999999994
0,0,0,45,4,26,0.19234613301187906,0.004899999999999993
0,0,0,45,3,38,0.19604641759046623,0.00010000000000000018
0,0,0,45,7,42,0.19445186196794104,0.00010000000000000018
0,0,0,45,1,46,0.19516140107270105,0.0009000000000000016
0,0,0,45,10,53,0.1943374201768507,0.004225000000000007
0,0,0,45,8,47,0.19516140107270105,0.0012250000000000021
0,0,0,45,9,25,0.21007698117814008,0.005624999999999994
0,0,0,45,14,53,0.1912551212701513,0.004225000000000007
0,0,0,45,5,148,0.05855604977454967,0.2916
0,0,0,45,17,27,0.21001594555622524,0.004224999999999993
0,0,0,45,13,70,0.19619137719251398,0.022500000000000006
0,0,0,45,18,46,0.19622952445621075,0.0009000000000000016
0,0,0,45,11,37,0.19516140107270105,0.00022499999999999707
0,0,0,45,19,28,0.21042030655141106,0.003599999999999993
0,0,0,45,15,41,0.21189279093010657,2.5000000000000045e-05
0,0,0,45,16,36,0.19625241281442882,0.0004000000000000007
0,0,0,45,21,24,0.24310488208680792,0.006399999999999993
0,0,0,45,23,159,0.05565685773359477,0.3540250000000001
0,0,0,45,25,58,0.16387301538860619,0.008100000000000015
0,0,0,45,20,22,0.19516140107270105,0.008099999999999994
0,0,0,45,6,30,0.19445186196794104,0.0024999999999999935
0,0,0,45,24,47,0.21005409281992202,0.0012250000000000021
0,0,0,45,31,40,0.1943908263460262,0.0
0,0,0,45,29,21,0.21108406893973494,0.009024999999999995
0,0,0,45,22,25,0.19436030853506878,0.005624999999999994
0,0,0,45,26,29,0.2107865202829001,0.003024999999999993
0,0,0,45,27,41,0.21190804983558528,2.5000000000000045e-05
0,0,0,45,34,23,0.19436030853506878,0.007224999999999994
0,0,0,45,30,42,0.19448237977889846,0.00010000000000000018
0,0,0,45,12,60,0.19570309221719526,0.010000000000000018
0,0,0,45,39,45,0.19619900664525333,0.0006250000000000011
0,0,0,45,32,49,0.1956802038589772,0.002025000000000004
0,0,0,45,37,63,0.19518428943091912,0.013224999999999997
0,0,0,45,36,38,0.19457393321177072,0.00010000000000000018
0,0,0,45,35,33,0.20998542774526782,0.0012249999999999943
0,0,0,45,38,47,0.2108551853575543,0.0012250000000000021
0,0,0,45,41,31,0.192323244653661,0.002024999999999994
0,0,0,45,45,62,0.18824148743810606,0.012100000000000022
0,0,0,45,28,42,0.18010849081795363,0.00010000000000000018
0,0,0,45,44,27,0.21075600247194268,0.004224999999999993
0,0,0,45,40,60,0.19457393321177072,0.010000000000000018
0,0,0,45,49,41,0.19512325380900428,2.5000000000000045e-05
0,0,0,45,33,15,0.24514957542095506,0.015625
0,0,0,45,46,43,0.19434504962959007,0.0002250000000000004
0,0,0,45,42,28,0.19445186196794104,0.003599999999999993
0,0,0,45,47,15,0.2899878691701444,0.015625
0,0,0,45,43,8,0.3056587650967796,0.025599999999999973
0,0,0,45,48,53,0.19442134415698362,0.004225000000000007
0,0,0,46,0,16,0.30542988151459893,0.0144
0,0,0,46,1,67,0.1943908263460262,0.018225
0,0,0,46,3,43,0.19448237977889846,0.0002250000000000004
0,0,0,46,5,53,0.19457393321177072,0.004225000000000007
0,0,0,46,4,35,0.2108551853575543,0.0006249999999999956
0,0,0,46,8,34,0.21179360804449496,0.000899999999999995
0,0,0,46,2,64,0.19512325380900428,0.014400000000000026
0,0,0,46,6,48,0.19435267908232942,0.001600000000000003
0,0,0,46,7,37,0.19613034157059914,0.00022499999999999707
0,0,0,46,10,27,0.21051185998428332,0.004224999999999993
0,0,0,46,12,62,0.19625241281442882,0.012100000000000022
0,0,0,46,15,0,0.8116211824125855,0.03999999999999998
0,0,0,46,14,43,0.1943908263460262,0.0002250000000000004
0,0,0,46,11,48,0.19219354395709196,0.001600000000000003
0,0,0,46,9,42,0.19152978156876807,0.00010000000000000018
0,0,0,46,13,58,0.18010849081795363,0.008100000000000015
0,0,0,46,17,31,0.21075600247194268,0.002024999999999994
0,0,0,46,19,6,0.3123497951491939,0.028899999999999974
0,0,0,46,16,54,0.19442134415698362,0.0049000000000000085
0,0,0,46,20,14,0.24315065880324405,0.01689999999999997
0,0,0,46,21,29,0.21075600247194268,0.003024999999999993
0,0,0,46,18,32,0.19448237977889846,0.001599999999999994
0,0,0,46,25,24,0.21188516147736722,0.006399999999999993
0,0,0,46,22,0,0.8115296289797133,0.03999999999999998
0,0,0,46,27,55,0.21189279093010657,0.00562500000000001
0,0,0,46,24,28,0.21181649640271302,0.003599999999999993
0,0,0,46,29,53,0.19448237977889846,0.004225000000000007
0,0,0,46,26,26,0.19457393321177072,0.004899999999999993
0,0,0,46,31,30,0.2118546436664098,0.0024999999999999935
0,0,0,46,28,26,0.2040039367976135,0.004899999999999993
0,0,0,46,30,38,0.20220338595112572,0.00010000000000000018
0,0,0,46,23,29,0.19516140107270105,0.003024999999999993
0,0,0,46,32,22,0.19521480724187654,0.008099999999999994
0,0,0,46,33,40,0.1943374201768507,0.0
0,0,0,46,35,35,0.18661641400462345,0.0006249999999999956
0,0,0,46,36,42,0.1943374201768507,0.00010000000000000018
0,0,0,46,37,38,0.21005409281992202,0.00010000000000000018
0,0,0,46,34,53,0.19626004226716817,0.004225000000000007
0,0,0,46,38,54,0.18010849081795363,0.0049000000000000085
0,0,0,46,39,44,0.19619900664525333,0.0004000000000000007
0,0,0,46,41,41,0.19622952445621075,2.5000000000000045e-05
0,0,0,46,42,45,0.19622952445621075,0.0006250000000000011
0,0,0,46,40,45,0.19607693540142365,0.0006250000000000011
0,0,0,46,43,28,0.19516140107270105,0.003599999999999993
0,0,0,46,44,52,0.18352648564518467,0.0036000000000000064
0,0,0,46,45,71,0.18010849081795363,0.024025000000000008
0,0,0,46,47,33,0.21169442515888334,0.0012249999999999943
0,0,0,46,46,113,0.14825552563114647,0.13322499999999998
0,0,0,46,49,49,0.19622952445621075,0.002025000000000004
0,0,0,46,48,57,0.19516140107270105,0.007224999999999994
0,0,0,47,0,26,0.2072083069481426,0.004899999999999993
0,0,0,47,2,14,0.30844351534664416,0.01689999999999997
0,0,0,47,4,34,0.21035164147675686,0.000899999999999995
0,0,0,47,5,34,0.21173257242258012,0.000899999999999995
0,0,0,47,1,34,0.19219354395709196,0.000899999999999995
0,0,0,47,3,52,0.19536739629666364,0.0036000000000000064
0,0,0,47,6,38,0.21051185998428332,0.00010000000000000018
0,0,0,47,8,35,0.19455104485355265,0.0006249999999999956
0,0,0,47,9,37,0.194795187341212,0.00022499999999999707
0,0,0,47,7,42,0.19610745321238107,0.00010000000000000018
0,0,0,47,10,0,0.8055557674847983,0.03999999999999998
0,0,0,47,11,60,0.19622952445621075,0.010000000000000018
0,0,0,47,13,34,0.19619900664525333,0.000899999999999995
0,0,0,47,12,111,0.19152978156876807,0.12602500000000005
0,0,0,47,14,41,0.2026993003791838,2.5000000000000045e-05
0,0,0,47,15,33,0.19613034157059914,0.0012249999999999943
0,0,0,47,16,53,0.18661641400462345,0.004225000000000007
0,0,0,47,17,27,0.22686940665746047,0.004224999999999993
0,0,0,47,19,28,0.19219354395709196,0.003599999999999993
0,0,0,47,20,33,0.20226442157304056,0.0012249999999999943
0,0,0,47,21,34,0.1943374201768507,0.000899999999999995
0,0,0,47,18,22,0.2040039367976135,0.008099999999999994
0,0,0,47,22,3,0.3056053589276041,0.03422499999999998
0,0,0,47,24,54,0.20220338595112572,0.0049000000000000085
0,0,0,47,23,47,0.21077889083016074,0.0012250000000000021
0,0,0,47,25,0,0.8164735143548153,0.03999999999999998
0,0,0,47,26,9,0.3056358767385615,0.024024999999999973
0,0,0,47,27,52,0.1944594914206804,0.0036000000000000064
0,0,0,47,28,42,0.21075600247194268,0.00010000000000000018
0,0,0,47,29,20,0.210870444263033,0.009999999999999995
0,0,0,47,30,69,0.19436030853506878,0.021025000000000005
0,0,0,47,31,40,0.19536739629666364,0.0
0,0,0,47,33,21,0.21182412585545238,0.009024999999999995
0,0,0,47,34,29,0.20398104843939543,0.003024999999999993
0,0,0,47,32,56,0.1943908263460262,0.006400000000000012
0,0,0,47,35,71,0.2111756223726072,0.024025000000000008
0,0,0,47,36,10,0.30551380549473184,0.022499999999999975
0,0,0,47,37,31,0.19448237977889846,0.002024999999999994
0,0,0,47,39,42,0.21001594555622524,0.00010000000000000018
0,0,0,47,38,28,0.19237665082283648,0.003599999999999993
0,0,0,47,41,86,0.12587834074661824,0.05289999999999999
0,0,0,47,40,55,0.1943908263460262,0.00562500000000001
0,0,0,47,42,28,0.19622952445621075,0.003599999999999993
0,0,0,47,44,66,0.19457393321177072,0.01690000000000003
0,0,0,47,43,45,0.21005409281992202,0.0006250000000000011
0,0,0,47,45,18,0.21187753202462786,0.012099999999999998
0,0,0,47,46,33,0.1943374201768507,0.0012249999999999943
0,0,0,47,48,36,0.1946425982864249,0.0004000000000000007
0,0,0,47,47,57,0.19628293062538624,0.007224999999999994
0,0,0,47,49,39,0.19613034157059914,2.4999999999998934e-05
0,0,0,48,0,48,0.17879622494678457,0.001600000000000003
0,0,0,48,2,33,0.19613034157059914,0.0012249999999999943
0,0,0,48,4,43,0.19622952445621075,0.0002250000000000004
0,0,0,48,6,41,0.1802000442508259,2.5000000000000045e-05
0,0,0,48,1,36,0.1869139626614583,0.0004000000000000007
0,0,0,48,5,87,0.2117020546116227,0.055225000000000045
0,0,0,48,9,59,0.19551998535145074,0.009024999999999995
0,0,0,48,8,54,0.195375025749403,0.0049000000000000085
0,0,0,48,11,51,0.1943908263460262,0.0030250000000000055
0,0,0,48,10,32,0.19610745321238107,0.001599999999999994
0,0,0,48,3,33,0.19481807569943008,0.0012249999999999943
0,0,0,48,13,43,0.20986335650143814,0.0002250000000000004
0,0,0,48,14,69,0.1922011734098313,0.021025000000000005
0,0,0,48,12,41,0.19616085938155656,2.5000000000000045e-05
0,0,0,48,15,39,0.19237665082283648,2.4999999999998934e-05
0,0,0,48,7,33,0.21075600247194268,0.0012249999999999943
0,0,0,48,16,27,0.2039886778921348,0.004224999999999993
0,0,0,48,17,38,0.1944594914206804,0.00010000000000000018
0,0,0,48,19,22,0.21402140824438662,0.008099999999999994
0,0,0,48,18,41,0.1943374201768507,2.5000000000000045e-05
0,0,0,48,20,47,0.19613034157059914,0.0012250000000000021
0,0,0,48,21,167,0.039978332354220235,0.403225
0,0,0,48,22,53,0.21044319490962912,0.004225000000000007
0,0,0,48,23,159,0.05474895285761153,0.3540250000000001
0,0,0,48,25,32,0.20281374217027412,0.001599999999999994
0,0,0,48,26,39,0.21005409281992202,2.4999999999998934e-05
0,0,0,48,27,71,0.19613034157059914,0.024025000000000008
0,0,0,48,28,47,0.20305788465793348,0.0012250000000000021
0,0,0,48,29,36,0.19628293062538624,0.0004000000000000007
0,0,0,48,24,31,0.19481807569943008,0.002024999999999994
0,0,0,48,30,43,0.19436030853506878,0.0002250000000000004
0,0,0,48,31,35,0.21035164147675686,0.0006249999999999956
0,0,0,48,32,33,0.21051185998428332,0.0012249999999999943
0,0,0,48,34,46,0.19472652226655782,0.0009000000000000016
0,0,0,48,33,34,0.21075600247194268,0.000899999999999995
0,0,0,48,35,26,0.19436030853506878,0.004899999999999993
0,0,0,48,36,100,0.19531399012748815,0.09000000000000002
0,0,0,48,37,35,0.1944900092316378,0.0006249999999999956
0,0,0,48,38,49,0.18661641400462345,0.002025000000000004
0,0,0,48,39,0,0.8037170693746137,0.03999999999999998
0,0,0,48,41,28,0.20398104843939543,0.003599999999999993
0,0,0,48,42,47,0.19448237977889846,0.0012250000000000021
0,0,0,48,40,50,0.1923537624646184,0.0025000000000000044
0,0,0,48,43,32,0.20226442157304056,0.001599999999999994
0,0,0,48,45,28,0.21795057640515444,0.003599999999999993
0,0,0,48,46,29,0.19619900664525333,0.003024999999999993
0,0,0,48,44,46,0.19549709699323267,0.0009000000000000016
0,0,0,48,47,39,0.21187753202462786,2.4999999999998934e-05
0,0,0,48,48,36,0.1959853819685514,0.0004000000000000007
0,0,0,48,49,46,0.19448237977889846,0.0009000000000000016
0,0,0,49,0,36,0.19227746793722486,0.0004000000000000007
0,0,0,49,2,40,0.1943908263460262,0.0
0,0,0,49,4,53,0.19582516346102494,0.004225000000000007
0,0,0,49,1,49,0.19628293062538624,0.002025000000000004
0,0,0,49,3,57,0.17879622494678457,0.007224999999999994
0,0,0,49,5,40,0.22649556347323208,0.0
0,0,0,49,6,53,0.1802000442508259,0.004225000000000007
0,0,0,49,8,33,0.19625241281442882,0.0012249999999999943
0,0,0,49,9,42,0.17879622494678457,0.00010000000000000018
0,0,0,49,11,52,0.21005409281992202,0.0036000000000000064
0,0,0,49,7,167,0.05553478648976509,0.403225
0,0,0,49,12,33,0.20999305719800718,0.0012249999999999943
0,0,0,49,13,13,0.3052009979324183,0.018225
0,0,0,49,10,26,0.20458377520580448,0.004899999999999993
0,0,0,49,14,45,0.1802000442508259,0.0006250000000000011
0,0,0,49,15,34,0.21008461063087944,0.000899999999999995
0,0,0,49,17,75,0.19512325380900428,0.030625000000000017
0,0,0,49,16,39,0.19521480724187654,2.4999999999998934e-05
0,0,0,49,18,26,0.1959853819685514,0.004899999999999993
0,0,0,49,19,36,0.21045082436236848,0.0004000000000000007
0,0,0,49,20,47,0.1964431491329127,0.0012250000000000021
0,0,0,49,21,66,0.1802000442508259,0.01690000000000003
0,0,0,49,22,48,0.1939330591816649,0.001600000000000003
0,0,0,49,23,87,0.21050423053154396,0.055225000000000045
0,0,0,49,24,96,0.13231759885863387,0.07840000000000001
0,0,0,49,27,63,0.19626004226716817,0.013224999999999997
0,0,0,49,25,42,0.20993202157609234,0.00010000000000000018
0,0,0,49,26,37,0.19448237977889846,0.00022499999999999707
0,0,0,49,28,44,0.21164101898970786,0.0004000000000000007
0,0,0,49,29,51,0.1805357401713575,0.0030250000000000055
0,0,0,49,30,35,0.20999305719800718,0.0006249999999999956
0,0,0,49,31,36,0.1944594914206804,0.0004000000000000007
0,0,0,49,32,33,0.1944594914206804,0.0012249999999999943
0,0,0,49,34,69,0.1869139626614583,0.021025000000000005
0,0,0,49,35,39,0.19445186196794104,2.4999999999998934e-05
0,0,0,49,36,45,0.19613034157059914,0.0006250000000000011
0,0,0,49,33,49,0.19452052704259523,0.002025000000000004
0,0,0,49,39,32,0.1802000442508259,0.001599999999999994
0,0,0,49,38,63,0.1802687093254801,0.013224999999999997
0,0,0,49,41,45,0.19607693540142365,0.0006250000000000011
0,0,0,49,37,74,0.21181649640271302,0.028900000000000012
0,0,0,49,40,26,0.1942382372912391,0.004899999999999993
0,0,0,49,42,33,0.19826658833761854,0.0012249999999999943
0,0,0,49,43,148,0.054008895941894085,0.2916
0,0,0,49,44,37,0.1961684888342959,0.00022499999999999707
0,0,0,49,46,44,0.1802000442508259,0.0004000000000000007
0,0,0,49,45,49,0.21005409281992202,0.002025000000000004
0,0,0,49,47,38,0.20214997978195023,0.00010000000000000018
0,0,0,49,48,46,0.18051285181313945,0.0009000000000000016
0,0,0,49,49,52,0.194795187341212,0.0036000000000000064
